timestamp,user,kernel
1609448400,46,20
1609452000,78,10
1609455600,17,10
1609459200,55,13
1609462800,61,19
1609466400,66,8
1609470000,87,14
1609473600,28,17
1609477200,53,9
1609480800,37,6
1609484400,62,6
1609488000,37,5
1609491600,16,15
1609495200,47,20
1609498800,62,14
1609502400,46,17
1609506000,31,7
1609509600,12,0
1609513200,51,7
1609516800,69,2
1609520400,27,20
1609524000,23,12
1609527600,74,8
1609531200,91,5
1609534800,63,12
1609538400,47,14
1609542000,54,20
1609545600,72,9
1609549200,18,9
1609552800,78,1
1609556400,76,11
1609560000,75,11
1609563600,45,3
1609567200,49,11
1609570800,80,2
1609574400,80,11
1609578000,37,20
1609581600,81,11
1609585200,77,4
1609588800,68,3
1609592400,3,2
1609596000,23,13
1609599600,81,16
1609603200,37,12
1609606800,47,5
1609610400,62,4
1609614000,68,12
1609617600,66,13
1609621200,57,5
1609624800,53,2
1609628400,38,15
1609632000,76,7
1609635600,40,9
1609639200,67,0
1609642800,78,12
1609646400,33,7
1609650000,74,18
1609653600,41,15
1609657200,25,19
1609660800,82,16
1609664400,32,20
1609668000,72,17
1609671600,82,12
1609675200,58,1
1609678800,91,10
1609682400,43,1
1609686000,61,12
1609689600,68,16
1609693200,19,3
1609696800,48,12
1609700400,58,17
1609704000,12,7
1609707600,53,19
1609711200,29,5
1609714800,28,4
1609718400,22,19
1609722000,24,18
1609725600,81,11
1609729200,22,1
1609732800,25,3
1609736400,77,14
1609740000,78,11
1609743600,15,9
1609747200,60,4
1609750800,31,20
1609754400,84,5
1609758000,22,12
1609761600,82,9
1609765200,75,10
1609768800,47,5
1609772400,39,14
1609776000,80,15
1609779600,80,17
1609783200,72,18
1609786800,76,16
1609790400,49,5
1609794000,1,0
1609797600,20,12
1609801200,31,20
1609804800,52,18
1609808400,24,9
1609812000,34,12
1609815600,15,11
1609819200,85,9
1609822800,87,14
1609826400,23,10
1609830000,44,16
1609833600,91,14
1609837200,65,8
1609840800,85,7
1609844400,89,7
1609848000,26,10
1609851600,34,6
1609855200,64,11
1609858800,57,18
1609862400,80,2
1609866000,24,7
1609869600,27,3
1609873200,89,14
1609876800,78,14
1609880400,84,4
1609884000,67,8
1609887600,37,6
1609891200,78,9
1609894800,20,10
1609898400,46,13
1609902000,28,5
1609905600,89,20
1609909200,15,3
1609912800,53,13
1609916400,74,18
1609920000,88,1
1609923600,70,8
1609927200,29,0
1609930800,92,15
1609934400,10,2
1609938000,40,16
1609941600,20,15
1609945200,56,9
1609948800,62,11
1609952400,53,17
1609956000,59,11
1609959600,5,3
1609963200,37,6
1609966800,67,17
1609970400,41,1
1609974000,66,11
1609977600,50,15
1609981200,78,6
1609984800,27,14
1609988400,88,6
1609992000,57,17
1609995600,30,5
1609999200,89,19
1610002800,57,13
1610006400,76,10
1610010000,28,6
1610013600,15,4
1610017200,8,4
1610020800,95,12
1610024400,50,8
1610028000,16,11
1610031600,44,15
1610035200,47,13
1610038800,51,18
1610042400,79,18
1610046000,46,20
1610049600,1,1
1610053200,73,5
1610056800,41,16
1610060400,15,5
1610064000,52,3
1610067600,31,1
1610071200,48,17
1610074800,21,16
1610078400,6,4
1610082000,54,19
1610085600,64,18
1610089200,48,19
1610092800,75,10
1610096400,40,12
1610100000,94,17
1610103600,38,1
1610107200,82,15
1610110800,55,16
1610114400,25,20
1610118000,18,11
1610121600,60,9
1610125200,50,8
1610128800,38,16
1610132400,93,12
1610136000,57,5
1610139600,42,9
1610143200,51,1
1610146800,14,9
1610150400,21,0
1610154000,50,16
1610157600,90,12
1610161200,15,14
1610164800,57,19
1610168400,66,13
1610172000,8,7
1610175600,27,17
1610179200,76,14
1610182800,47,19
1610186400,25,6
1610190000,64,4
1610193600,26,0
1610197200,79,9
1610200800,57,20
1610204400,91,10
1610208000,53,15
1610211600,55,14
1610215200,7,0
1610218800,40,8
1610222400,55,15
1610226000,64,13
1610229600,90,2
1610233200,71,15
1610236800,45,12
1610240400,67,0
1610244000,42,1
1610247600,43,2
1610251200,91,14
1610254800,51,19
1610258400,21,3
1610262000,43,8
1610265600,34,12
1610269200,15,1
1610272800,48,7
1610276400,43,6
1610280000,17,6
1610283600,45,1
1610287200,91,7
1610290800,83,20
1610294400,11,5
1610298000,32,11
1610301600,62,2
1610305200,72,2
1610308800,11,0
1610312400,72,5
1610316000,74,5
1610319600,79,20
1610323200,64,15
1610326800,73,4
1610330400,71,9
1610334000,51,0
1610337600,48,10
1610341200,22,1
1610344800,30,14
1610348400,64,11
1610352000,20,19
1610355600,95,20
1610359200,34,13
1610362800,44,12
1610366400,86,20
1610370000,53,13
1610373600,22,10
1610377200,22,20
1610380800,57,12
1610384400,66,3
1610388000,49,14
1610391600,19,15
1610395200,70,3
1610398800,40,16
1610402400,70,15
1610406000,15,11
1610409600,50,6
1610413200,47,9
1610416800,45,11
1610420400,25,6
1610424000,34,18
1610427600,17,12
1610431200,54,9
1610434800,30,9
1610438400,59,13
1610442000,65,19
1610445600,86,11
1610449200,17,4
1610452800,82,7
1610456400,51,8
1610460000,22,4
1610463600,26,10
1610467200,34,6
1610470800,77,3
1610474400,41,20
1610478000,90,4
1610481600,86,6
1610485200,86,20
1610488800,71,3
1610492400,95,14
1610496000,44,16
1610499600,33,18
1610503200,7,3
1610506800,42,19
1610510400,84,20
1610514000,47,8
1610517600,49,1
1610521200,62,10
1610524800,78,17
1610528400,42,1
1610532000,63,0
1610535600,28,8
1610539200,70,18
1610542800,84,20
1610546400,93,13
1610550000,66,14
1610553600,72,0
1610557200,62,15
1610560800,32,9
1610564400,52,11
1610568000,95,15
1610571600,56,9
1610575200,67,13
1610578800,84,1
1610582400,38,11
1610586000,4,1
1610589600,78,4
1610593200,58,16
1610596800,87,15
1610600400,41,20
1610604000,25,5
1610607600,45,14
1610611200,39,0
1610614800,42,5
1610618400,50,17
1610622000,24,17
1610625600,57,11
1610629200,88,8
1610632800,66,0
1610636400,81,9
1610640000,46,10
1610643600,41,19
1610647200,66,17
1610650800,22,14
1610654400,59,6
1610658000,82,17
1610661600,81,4
1610665200,16,12
1610668800,93,15
1610672400,92,13
1610676000,83,11
1610679600,77,3
1610683200,18,9
1610686800,93,1
1610690400,32,18
1610694000,15,15
1610697600,85,15
1610701200,77,19
1610704800,5,4
1610708400,29,19
1610712000,19,3
1610715600,55,19
1610719200,82,1
1610722800,22,10
1610726400,64,5
1610730000,66,6
1610733600,44,8
1610737200,88,14
1610740800,45,18
1610744400,88,2
1610748000,16,1
1610751600,55,17
1610755200,82,7
1610758800,86,5
1610762400,6,5
1610766000,48,19
1610769600,85,14
1610773200,14,14
1610776800,45,2
1610780400,55,10
1610784000,28,5
1610787600,34,2
1610791200,89,2
1610794800,12,6
1610798400,71,7
1610802000,61,10
1610805600,12,2
1610809200,40,1
1610812800,30,20
1610816400,32,18
1610820000,49,7
1610823600,95,9
1610827200,34,10
1610830800,81,13
1610834400,17,4
1610838000,43,18
1610841600,92,16
1610845200,58,19
1610848800,37,10
1610852400,71,15
1610856000,63,8
1610859600,4,4
1610863200,54,7
1610866800,89,15
1610870400,88,10
1610874000,84,7
1610877600,68,5
1610881200,43,14
1610884800,73,15
1610888400,41,2
1610892000,31,6
1610895600,93,4
1610899200,65,14
1610902800,42,15
1610906400,81,2
1610910000,93,20
1610913600,22,10
1610917200,86,18
1610920800,71,5
1610924400,34,20
1610928000,31,20
1610931600,21,5
1610935200,24,0
1610938800,14,13
1610942400,13,1
1610946000,62,12
1610949600,50,11
1610953200,36,5
1610956800,32,16
1610960400,6,4
1610964000,70,7
1610967600,20,7
1610971200,65,3
1610974800,18,12
1610978400,95,10
1610982000,33,17
1610985600,91,16
1610989200,15,11
1610992800,59,20
1610996400,79,7
1611000000,49,16
1611003600,35,6
1611007200,87,12
1611010800,28,6
1611014400,64,12
1611018000,84,2
1611021600,19,12
1611025200,21,14
1611028800,62,7
1611032400,65,18
1611036000,48,12
1611039600,44,3
1611043200,41,17
1611046800,46,0
1611050400,20,13
1611054000,80,16
1611057600,21,2
1611061200,68,12
1611064800,30,12
1611068400,85,20
1611072000,67,5
1611075600,75,20
1611079200,67,7
1611082800,11,9
1611086400,19,16
1611090000,17,9
1611093600,66,19
1611097200,58,14
1611100800,23,4
1611104400,85,8
1611108000,55,17
1611111600,55,3
1611115200,66,2
1611118800,53,13
1611122400,53,8
1611126000,80,15
1611129600,62,9
1611133200,12,7
1611136800,33,5
1611140400,64,8
1611144000,50,18
1611147600,71,6
1611151200,18,6
1611154800,89,9
1611158400,55,9
1611162000,60,5
1611165600,78,16
1611169200,21,4
1611172800,60,20
1611176400,34,9
1611180000,10,2
1611183600,52,19
1611187200,35,15
1611190800,53,5
1611194400,30,19
1611198000,62,19
1611201600,35,5
1611205200,27,9
1611208800,58,0
1611212400,86,20
1611216000,84,11
1611219600,25,13
1611223200,58,9
1611226800,31,20
1611230400,79,10
1611234000,64,11
1611237600,89,7
1611241200,21,0
1611244800,70,13
1611248400,44,20
1611252000,46,15
1611255600,54,4
1611259200,30,19
1611262800,65,9
1611266400,40,6
1611270000,37,3
1611273600,92,9
1611277200,65,20
1611280800,30,10
1611284400,66,1
1611288000,30,5
1611291600,11,8
1611295200,68,0
1611298800,45,11
1611302400,20,12
1611306000,72,19
1611309600,43,4
1611313200,69,1
1611316800,88,11
1611320400,76,17
1611324000,30,16
1611327600,42,13
1611331200,52,14
1611334800,78,19
1611338400,90,7
1611342000,39,1
1611345600,57,8
1611349200,62,1
1611352800,87,16
1611356400,46,16
1611360000,56,20
1611363600,31,11
1611367200,33,15
1611370800,27,1
1611374400,24,0
1611378000,40,0
1611381600,56,16
1611385200,63,19
1611388800,75,20
1611392400,50,13
1611396000,87,12
1611399600,20,17
1611403200,72,19
1611406800,86,4
1611410400,42,7
1611414000,94,19
1611417600,29,14
1611421200,66,6
1611424800,62,18
1611428400,90,9
1611432000,62,3
1611435600,31,12
1611439200,50,17
1611442800,22,6
1611446400,75,2
1611450000,73,2
1611453600,13,8
1611457200,30,10
1611460800,36,17
1611464400,27,19
1611468000,29,12
1611471600,68,6
1611475200,40,4
1611478800,74,9
1611482400,85,19
1611486000,80,17
1611489600,86,4
1611493200,31,17
1611496800,17,14
1611500400,52,15
1611504000,92,19
1611507600,10,6
1611511200,50,13
1611514800,55,8
1611518400,87,10
1611522000,74,9
1611525600,63,1
1611529200,57,5
1611532800,74,5
1611536400,63,2
1611540000,61,9
1611543600,49,1
1611547200,63,3
1611550800,30,11
1611554400,68,18
1611558000,21,11
1611561600,46,20
1611565200,64,18
1611568800,29,10
1611572400,22,20
1611576000,94,10
1611579600,26,0
1611583200,12,3
1611586800,81,12
1611590400,61,16
1611594000,67,8
1611597600,55,10
1611601200,78,13
1611604800,47,4
1611608400,8,8
1611612000,26,7
1611615600,36,13
1611619200,87,13
1611622800,86,18
1611626400,86,11
1611630000,84,0
1611633600,25,3
1611637200,61,9
1611640800,40,2
1611644400,82,10
1611648000,88,14
1611651600,47,17
1611655200,90,6
1611658800,17,15
1611662400,73,11
1611666000,88,9
1611669600,76,19
1611673200,87,3
1611676800,79,9
1611680400,57,10
1611684000,19,13
1611687600,77,19
1611691200,10,7
1611694800,73,20
1611698400,24,4
1611702000,92,0
1611705600,78,5
1611709200,50,19
1611712800,82,6
1611716400,41,18
1611720000,29,14
1611723600,71,13
1611727200,67,6
1611730800,52,20
1611734400,42,12
1611738000,17,12
1611741600,68,17
1611745200,60,0
1611748800,54,14
1611752400,35,10
1611756000,69,6
1611759600,59,15
1611763200,11,5
1611766800,86,19
1611770400,65,3
1611774000,74,6
1611777600,47,1
1611781200,69,7
1611784800,73,13
1611788400,20,17
1611792000,79,13
1611795600,67,9
1611799200,50,15
1611802800,81,11
1611806400,13,6
1611810000,87,4
1611813600,63,7
1611817200,39,19
1611820800,95,7
1611824400,49,1
1611828000,55,14
1611831600,88,5
1611835200,76,6
1611838800,74,18
1611842400,78,14
1611846000,4,0
1611849600,69,19
1611853200,25,12
1611856800,72,16
1611860400,76,20
1611864000,83,19
1611867600,76,9
1611871200,59,19
1611874800,89,15
1611878400,82,2
1611882000,93,14
1611885600,14,1
1611889200,92,4
1611892800,88,7
1611896400,95,1
1611900000,64,13
1611903600,77,3
1611907200,21,7
1611910800,49,4
1611914400,35,13
1611918000,87,1
1611921600,20,2
1611925200,52,12
1611928800,50,14
1611932400,15,2
1611936000,70,18
1611939600,58,6
1611943200,61,11
1611946800,59,1
1611950400,66,10
1611954000,53,16
1611957600,29,0
1611961200,19,12
1611964800,54,10
1611968400,8,8
1611972000,94,15
1611975600,13,8
1611979200,30,16
1611982800,94,14
1611986400,56,3
1611990000,85,0
1611993600,36,9
1611997200,91,18
1612000800,45,15
1612004400,52,15
1612008000,40,18
1612011600,16,5
1612015200,42,4
1612018800,18,3
1612022400,58,10
1612026000,38,13
1612029600,30,16
1612033200,25,17
1612036800,31,17
1612040400,39,16
1612044000,38,1
1612047600,63,19
1612051200,54,0
1612054800,56,7
1612058400,76,12
1612062000,40,18
1612065600,63,9
1612069200,37,3
1612072800,54,17
1612076400,93,5
1612080000,49,15
1612083600,79,6
1612087200,35,12
1612090800,62,20
1612094400,79,11
1612098000,76,6
1612101600,11,9
1612105200,69,19
1612108800,21,17
1612112400,0,0
1612116000,67,4
1612119600,17,14
1612123200,43,14
1612126800,17,4
1612130400,25,0
1612134000,71,14
1612137600,18,2
1612141200,53,0
1612144800,60,19
1612148400,46,0
1612152000,79,13
1612155600,60,17
1612159200,90,8
1612162800,90,9
1612166400,90,19
1612170000,69,7
1612173600,65,1
1612177200,28,14
1612180800,38,13
1612184400,22,3
1612188000,57,4
1612191600,19,3
1612195200,68,13
1612198800,78,17
1612202400,27,1
1612206000,68,18
1612209600,54,0
1612213200,30,16
1612216800,58,8
1612220400,51,9
1612224000,57,8
1612227600,28,7
1612231200,34,15
1612234800,14,3
1612238400,44,17
1612242000,53,19
1612245600,18,1
1612249200,37,3
1612252800,7,4
1612256400,8,3
1612260000,63,14
1612263600,65,18
1612267200,25,12
1612270800,83,0
1612274400,54,13
1612278000,47,3
1612281600,6,3
1612285200,71,9
1612288800,73,8
1612292400,82,2
1612296000,27,16
1612299600,88,3
1612303200,66,19
1612306800,86,8
1612310400,48,2
1612314000,68,6
1612317600,82,8
1612321200,54,8
1612324800,17,14
1612328400,44,17
1612332000,20,16
1612335600,80,3
1612339200,51,7
1612342800,31,13
1612346400,48,20
1612350000,68,19
1612353600,43,14
1612357200,69,9
1612360800,6,5
1612364400,48,13
1612368000,59,3
1612371600,19,1
1612375200,80,18
1612378800,21,9
1612382400,32,14
1612386000,21,11
1612389600,67,2
1612393200,33,2
1612396800,23,2
1612400400,39,3
1612404000,63,8
1612407600,68,14
1612411200,82,20
1612414800,44,11
1612418400,67,15
1612422000,12,8
1612425600,43,18
1612429200,45,7
1612432800,42,15
1612436400,23,20
1612440000,37,19
1612443600,31,12
1612447200,17,3
1612450800,47,7
1612454400,62,9
1612458000,20,5
1612461600,79,7
1612465200,72,16
1612468800,45,17
1612472400,8,7
1612476000,33,6
1612479600,42,7
1612483200,73,2
1612486800,95,15
1612490400,92,6
1612494000,88,1
1612497600,41,2
1612501200,36,19
1612504800,45,7
1612508400,56,9
1612512000,68,13
1612515600,32,8
1612519200,58,7
1612522800,30,3
1612526400,76,6
1612530000,18,15
1612533600,25,5
1612537200,59,13
1612540800,56,11
1612544400,60,20
1612548000,91,18
1612551600,67,16
1612555200,93,15
1612558800,67,1
1612562400,43,20
1612566000,45,14
1612569600,90,20
1612573200,30,7
1612576800,79,1
1612580400,87,8
1612584000,78,18
1612587600,27,17
1612591200,61,20
1612594800,50,5
1612598400,71,11
1612602000,80,3
1612605600,59,4
1612609200,31,5
1612612800,69,14
1612616400,43,16
1612620000,19,12
1612623600,77,20
1612627200,76,7
1612630800,28,14
1612634400,48,14
1612638000,20,11
1612641600,3,1
1612645200,44,8
1612648800,26,12
1612652400,11,9
1612656000,69,17
1612659600,13,8
1612663200,75,11
1612666800,36,17
1612670400,31,16
1612674000,45,14
1612677600,19,18
1612681200,85,16
1612684800,27,18
1612688400,15,10
1612692000,34,11
1612695600,68,17
1612699200,59,5
1612702800,80,11
1612706400,25,19
1612710000,91,18
1612713600,27,9
1612717200,81,13
1612720800,82,13
1612724400,45,2
1612728000,54,19
1612731600,34,15
1612735200,92,5
1612738800,54,18
1612742400,82,17
1612746000,94,9
1612749600,46,3
1612753200,30,18
1612756800,75,9
1612760400,14,1
1612764000,89,3
1612767600,24,18
1612771200,28,20
1612774800,93,10
1612778400,31,17
1612782000,95,20
1612785600,78,4
1612789200,21,9
1612792800,25,20
1612796400,43,9
1612800000,92,12
1612803600,39,3
1612807200,91,0
1612810800,20,1
1612814400,49,4
1612818000,82,12
1612821600,87,17
1612825200,19,19
1612828800,24,17
1612832400,82,6
1612836000,57,18
1612839600,62,5
1612843200,71,15
1612846800,92,9
1612850400,58,0
1612854000,13,10
1612857600,50,10
1612861200,35,4
1612864800,51,9
1612868400,59,15
1612872000,69,3
1612875600,35,18
1612879200,84,13
1612882800,84,14
1612886400,93,0
1612890000,21,20
1612893600,26,1
1612897200,32,18
1612900800,93,19
1612904400,40,6
1612908000,61,20
1612911600,42,8
1612915200,39,4
1612918800,48,16
1612922400,88,14
1612926000,28,1
1612929600,25,13
1612933200,93,15
1612936800,86,10
1612940400,89,13
1612944000,90,4
1612947600,45,6
1612951200,57,18
1612954800,73,17
1612958400,32,7
1612962000,90,13
1612965600,95,14
1612969200,95,13
1612972800,32,9
1612976400,10,8
1612980000,64,15
1612983600,27,19
1612987200,59,3
1612990800,50,14
1612994400,70,18
1612998000,78,2
1613001600,71,17
1613005200,64,2
1613008800,32,10
1613012400,47,6
1613016000,20,18
1613019600,85,1
1613023200,33,15
1613026800,77,9
1613030400,33,0
1613034000,3,3
1613037600,37,0
1613041200,46,0
1613044800,89,12
1613048400,79,15
1613052000,76,19
1613055600,36,8
1613059200,60,1
1613062800,77,3
1613066400,40,5
1613070000,84,7
1613073600,79,3
1613077200,62,11
1613080800,51,19
1613084400,75,16
1613088000,85,11
1613091600,42,10
1613095200,82,18
1613098800,62,12
1613102400,5,2
1613106000,67,15
1613109600,91,18
1613113200,31,9
1613116800,42,9
1613120400,47,9
1613124000,69,19
1613127600,41,14
1613131200,49,20
1613134800,14,14
1613138400,54,0
1613142000,76,13
1613145600,80,8
1613149200,48,20
1613152800,38,8
1613156400,24,11
1613160000,66,13
1613163600,85,6
1613167200,82,7
1613170800,67,9
1613174400,14,5
1613178000,25,8
1613181600,93,8
1613185200,27,1
1613188800,94,2
1613192400,13,3
1613196000,52,2
1613199600,20,10
1613203200,33,14
1613206800,70,11
1613210400,47,18
1613214000,92,8
1613217600,59,8
1613221200,70,20
1613224800,57,7
1613228400,27,8
1613232000,49,0
1613235600,14,13
1613239200,74,14
1613242800,81,16
1613246400,88,7
1613250000,16,15
1613253600,87,10
1613257200,88,15
1613260800,46,13
1613264400,53,0
1613268000,27,7
1613271600,21,18
1613275200,0,0
1613278800,41,9
1613282400,60,20
1613286000,78,16
1613289600,25,11
1613293200,25,7
1613296800,40,19
1613300400,73,19
1613304000,70,17
1613307600,18,12
1613311200,34,14
1613314800,79,5
1613318400,18,9
1613322000,92,12
1613325600,44,10
1613329200,16,11
1613332800,91,2
1613336400,60,14
1613340000,25,14
1613343600,14,0
1613347200,72,14
1613350800,8,5
1613354400,25,6
1613358000,80,15
1613361600,79,12
1613365200,65,7
1613368800,60,8
1613372400,81,8
1613376000,55,16
1613379600,46,11
1613383200,77,7
1613386800,64,14
1613390400,59,19
1613394000,19,6
1613397600,90,13
1613401200,58,12
1613404800,92,10
1613408400,14,14
1613412000,64,16
1613415600,66,18
1613419200,87,8
1613422800,12,10
1613426400,64,15
1613430000,25,8
1613433600,69,16
1613437200,47,14
1613440800,89,20
1613444400,76,6
1613448000,62,13
1613451600,92,5
1613455200,42,17
1613458800,53,5
1613462400,12,8
1613466000,94,1
1613469600,59,2
1613473200,42,7
1613476800,19,1
1613480400,40,20
1613484000,50,11
1613487600,63,4
1613491200,42,3
1613494800,9,3
1613498400,43,3
1613502000,86,16
1613505600,11,2
1613509200,58,18
1613512800,16,11
1613516400,73,5
1613520000,91,18
1613523600,64,0
1613527200,71,1
1613530800,13,6
1613534400,55,2
1613538000,71,15
1613541600,47,10
1613545200,22,15
1613548800,73,15
1613552400,92,13
1613556000,40,8
1613559600,41,12
1613563200,63,2
1613566800,70,6
1613570400,75,9
1613574000,39,12
1613577600,76,14
1613581200,11,4
1613584800,46,17
1613588400,28,16
1613592000,68,11
1613595600,95,7
1613599200,69,7
1613602800,53,11
1613606400,71,19
1613610000,34,16
1613613600,50,7
1613617200,21,12
1613620800,64,13
1613624400,68,20
1613628000,14,5
1613631600,19,6
1613635200,20,19
1613638800,30,11
1613642400,68,15
1613646000,18,10
1613649600,70,14
1613653200,52,3
1613656800,62,18
1613660400,84,19
1613664000,62,17
1613667600,46,20
1613671200,22,17
1613674800,83,8
1613678400,59,6
1613682000,15,7
1613685600,17,15
1613689200,71,7
1613692800,56,20
1613696400,49,7
1613700000,28,1
1613703600,64,16
1613707200,52,12
1613710800,15,13
1613714400,82,13
1613718000,19,0
1613721600,48,0
1613725200,18,9
1613728800,45,8
1613732400,95,5
1613736000,79,2
1613739600,57,1
1613743200,21,1
1613746800,39,9
1613750400,91,5
1613754000,70,10
1613757600,37,10
1613761200,57,0
1613764800,94,4
1613768400,20,5
1613772000,63,0
1613775600,44,1
1613779200,8,1
1613782800,22,14
1613786400,36,5
1613790000,2,0
1613793600,78,7
1613797200,32,0
1613800800,28,8
1613804400,94,6
1613808000,79,2
1613811600,60,17
1613815200,72,20
1613818800,76,9
1613822400,95,6
1613826000,41,16
1613829600,80,18
1613833200,34,2
1613836800,22,5
1613840400,22,7
1613844000,40,11
1613847600,78,13
1613851200,74,6
1613854800,88,5
1613858400,63,0
1613862000,81,3
1613865600,61,5
1613869200,66,14
1613872800,56,15
1613876400,6,3
1613880000,53,14
1613883600,76,2
1613887200,95,13
1613890800,57,11
1613894400,74,20
1613898000,79,3
1613901600,57,0
1613905200,94,6
1613908800,68,8
1613912400,95,17
1613916000,40,19
1613919600,67,9
1613923200,30,0
1613926800,34,3
1613930400,62,2
1613934000,92,12
1613937600,53,0
1613941200,16,6
1613944800,40,17
1613948400,49,9
1613952000,22,10
1613955600,69,4
1613959200,53,6
1613962800,66,12
1613966400,35,17
1613970000,48,19
1613973600,76,7
1613977200,59,14
1613980800,45,6
1613984400,51,18
1613988000,77,19
1613991600,14,2
1613995200,45,1
1613998800,30,10
1614002400,2,0
1614006000,23,14
1614009600,55,6
1614013200,84,16
1614016800,50,3
1614020400,65,2
1614024000,52,15
1614027600,17,13
1614031200,75,2
1614034800,50,4
1614038400,56,20
1614042000,20,14
1614045600,42,9
1614049200,75,11
1614052800,66,0
1614056400,81,5
1614060000,68,15
1614063600,72,7
1614067200,36,12
1614070800,34,11
1614074400,49,11
1614078000,61,13
1614081600,32,10
1614085200,18,4
1614088800,34,5
1614092400,94,20
1614096000,44,7
1614099600,82,19
1614103200,92,4
1614106800,90,1
1614110400,69,7
1614114000,85,3
1614117600,59,3
1614121200,57,20
1614124800,23,12
1614128400,77,6
1614132000,29,4
1614135600,26,5
1614139200,62,20
1614142800,79,4
1614146400,58,13
1614150000,19,7
1614153600,61,13
1614157200,71,12
1614160800,74,10
1614164400,24,20
1614168000,66,18
1614171600,77,16
1614175200,73,9
1614178800,57,13
1614182400,56,4
1614186000,14,0
1614189600,21,16
1614193200,25,20
1614196800,87,10
1614200400,23,16
1614204000,24,3
1614207600,56,19
1614211200,11,4
1614214800,73,11
1614218400,61,0
1614222000,23,9
1614225600,50,8
1614229200,83,16
1614232800,48,17
1614236400,69,18
1614240000,15,4
1614243600,48,6
1614247200,90,20
1614250800,25,11
1614254400,70,7
1614258000,32,8
1614261600,89,7
1614265200,94,3
1614268800,72,16
1614272400,64,4
1614276000,84,1
1614279600,29,11
1614283200,79,12
1614286800,20,5
1614290400,83,10
1614294000,55,8
1614297600,31,17
1614301200,85,10
1614304800,94,18
1614308400,79,2
1614312000,30,2
1614315600,89,10
1614319200,78,17
1614322800,40,18
1614326400,5,3
1614330000,65,4
1614333600,49,8
1614337200,75,12
1614340800,38,15
1614344400,59,8
1614348000,87,18
1614351600,57,15
1614355200,37,4
1614358800,56,6
1614362400,62,0
1614366000,91,1
1614369600,42,19
1614373200,77,8
1614376800,14,0
1614380400,60,4
1614384000,54,2
1614387600,7,5
1614391200,42,18
1614394800,88,9
1614398400,90,12
1614402000,31,15
1614405600,94,7
1614409200,37,20
1614412800,29,11
1614416400,40,11
1614420000,77,14
1614423600,64,12
1614427200,94,20
1614430800,27,4
1614434400,66,3
1614438000,52,19
1614441600,30,11
1614445200,64,14
1614448800,88,20
1614452400,65,18
1614456000,65,14
1614459600,95,17
1614463200,21,20
1614466800,53,10
1614470400,48,19
1614474000,64,20
1614477600,46,10
1614481200,55,20
1614484800,89,10
1614488400,9,5
1614492000,12,6
1614495600,67,17
1614499200,20,5
1614502800,49,1
1614506400,70,7
1614510000,68,14
1614513600,35,9
1614517200,25,19
1614520800,84,3
1614524400,68,14
1614528000,69,10
1614531600,65,10
1614535200,62,1
1614538800,82,6
1614542400,89,11
1614546000,81,0
1614549600,69,11
1614553200,28,9
1614556800,34,1
1614560400,90,19
1614564000,52,7
1614567600,58,6
1614571200,22,18
1614574800,43,20
1614578400,14,13
1614582000,63,18
1614585600,12,4
1614589200,73,18
1614592800,59,15
1614596400,93,14
1614600000,64,11
1614603600,56,18
1614607200,12,7
1614610800,64,14
1614614400,44,17
1614618000,92,14
1614621600,38,18
1614625200,60,16
1614628800,59,1
1614632400,27,11
1614636000,7,7
1614639600,95,13
1614643200,41,14
1614646800,43,13
1614650400,78,11
1614654000,90,11
1614657600,93,17
1614661200,46,20
1614664800,25,12
1614668400,77,7
1614672000,40,2
1614675600,44,9
1614679200,47,16
1614682800,50,12
1614686400,50,20
1614690000,89,11
1614693600,44,6
1614697200,83,16
1614700800,93,11
1614704400,76,5
1614708000,78,13
1614711600,33,0
1614715200,28,20
1614718800,66,10
1614722400,27,12
1614726000,89,19
1614729600,30,13
1614733200,76,11
1614736800,38,9
1614740400,90,4
1614744000,27,2
1614747600,94,13
1614751200,39,16
1614754800,72,6
1614758400,22,15
1614762000,28,7
1614765600,92,3
1614769200,34,12
1614772800,18,5
1614776400,44,11
1614780000,65,14
1614783600,16,7
1614787200,72,12
1614790800,56,14
1614794400,61,0
1614798000,22,7
1614801600,57,9
1614805200,26,9
1614808800,41,4
1614812400,16,6
1614816000,17,3
1614819600,47,1
1614823200,76,17
1614826800,46,5
1614830400,47,12
1614834000,94,14
1614837600,21,0
1614841200,30,9
1614844800,54,19
1614848400,87,11
1614852000,21,17
1614855600,54,17
1614859200,27,16
1614862800,48,4
1614866400,90,16
1614870000,88,17
1614873600,34,20
1614877200,14,0
1614880800,81,9
1614884400,26,13
1614888000,60,18
1614891600,65,4
1614895200,43,7
1614898800,86,8
1614902400,94,12
1614906000,72,18
1614909600,92,17
1614913200,15,8
1614916800,65,16
1614920400,82,10
1614924000,88,20
1614927600,8,5
1614931200,30,3
1614934800,51,10
1614938400,66,10
1614942000,57,11
1614945600,78,7
1614949200,24,5
1614952800,86,3
1614956400,22,15
1614960000,66,12
1614963600,26,20
1614967200,77,3
1614970800,79,17
1614974400,64,15
1614978000,48,4
1614981600,55,9
1614985200,93,9
1614988800,83,16
1614992400,80,2
1614996000,10,1
1614999600,83,12
1615003200,4,2
1615006800,56,20
1615010400,89,7
1615014000,94,17
1615017600,1,1
1615021200,23,3
1615024800,30,19
1615028400,85,18
1615032000,14,1
1615035600,46,4
1615039200,88,12
1615042800,83,0
1615046400,50,10
1615050000,70,10
1615053600,12,10
1615057200,50,17
1615060800,29,15
1615064400,95,14
1615068000,56,3
1615071600,51,19
1615075200,72,1
1615078800,28,4
1615082400,17,15
1615086000,28,8
1615089600,46,4
1615093200,15,4
1615096800,63,3
1615100400,46,19
1615104000,24,1
1615107600,33,1
1615111200,28,5
1615114800,74,20
1615118400,14,9
1615122000,23,20
1615125600,49,19
1615129200,91,14
1615132800,53,13
1615136400,40,15
1615140000,56,18
1615143600,19,1
1615147200,59,12
1615150800,28,13
1615154400,93,6
1615158000,74,5
1615161600,16,15
1615165200,37,15
1615168800,40,20
1615172400,23,17
1615176000,57,2
1615179600,50,16
1615183200,77,10
1615186800,33,14
1615190400,41,3
1615194000,54,8
1615197600,59,8
1615201200,27,0
1615204800,86,12
1615208400,36,11
1615212000,78,19
1615215600,16,4
1615219200,36,19
1615222800,47,9
1615226400,86,9
1615230000,29,2
1615233600,46,20
1615237200,37,6
1615240800,26,3
1615244400,80,7
1615248000,20,8
1615251600,54,5
1615255200,34,1
1615258800,70,14
1615262400,80,12
1615266000,54,10
1615269600,78,20
1615273200,39,1
1615276800,17,6
1615280400,69,12
1615284000,26,14
1615287600,24,2
1615291200,47,9
1615294800,69,18
1615298400,89,7
1615302000,95,19
1615305600,47,16
1615309200,73,7
1615312800,82,4
1615316400,37,8
1615320000,80,1
1615323600,73,6
1615327200,38,5
1615330800,75,15
1615334400,17,13
1615338000,88,4
1615341600,81,19
1615345200,62,13
1615348800,39,14
1615352400,71,18
1615356000,53,11
1615359600,81,12
1615363200,50,15
1615366800,34,0
1615370400,78,16
1615374000,77,14
1615377600,93,0
1615381200,79,16
1615384800,84,2
1615388400,85,16
1615392000,24,14
1615395600,89,18
1615399200,22,4
1615402800,94,18
1615406400,27,19
1615410000,22,15
1615413600,85,8
1615417200,19,11
1615420800,20,1
1615424400,78,19
1615428000,94,17
1615431600,27,12
1615435200,21,10
1615438800,86,19
1615442400,33,15
1615446000,39,2
1615449600,94,10
1615453200,36,17
1615456800,76,8
1615460400,39,7
1615464000,68,7
1615467600,61,10
1615471200,34,5
1615474800,51,14
1615478400,66,11
1615482000,76,1
1615485600,94,1
1615489200,21,20
1615492800,92,18
1615496400,34,20
1615500000,82,6
1615503600,49,16
1615507200,42,20
1615510800,9,7
1615514400,32,5
1615518000,11,8
1615521600,95,13
1615525200,7,1
1615528800,78,20
1615532400,74,1
1615536000,10,4
1615539600,34,13
1615543200,74,11
1615546800,53,14
1615550400,57,6
1615554000,90,16
1615557600,36,11
1615561200,86,6
1615564800,14,2
1615568400,55,14
1615572000,69,4
1615575600,69,13
1615579200,79,18
1615582800,83,14
1615586400,52,6
1615590000,21,4
1615593600,45,14
1615597200,22,11
1615600800,77,5
1615604400,89,11
1615608000,18,12
1615611600,19,1
1615615200,90,16
1615618800,74,11
1615622400,69,20
1615626000,57,19
1615629600,92,2
1615633200,70,20
1615636800,79,4
1615640400,46,13
1615644000,51,3
1615647600,86,14
1615651200,44,10
1615654800,36,20
1615658400,47,4
1615662000,32,3
1615665600,59,12
1615669200,35,18
1615672800,94,11
1615676400,50,1
1615680000,75,9
1615683600,76,13
1615687200,64,12
1615690800,50,6
1615694400,31,19
1615698000,60,20
1615701600,73,14
1615705200,21,15
1615708800,19,17
1615712400,31,16
1615716000,34,20
1615719600,47,15
1615723200,56,1
1615726800,50,17
1615730400,85,19
1615734000,64,1
1615737600,62,17
1615741200,50,16
1615744800,41,20
1615748400,33,18
1615752000,92,19
1615755600,42,18
1615759200,18,9
1615762800,20,13
1615766400,29,1
1615770000,94,1
1615773600,69,6
1615777200,32,9
1615780800,16,6
1615784400,54,20
1615788000,56,0
1615791600,35,9
1615795200,11,9
1615798800,81,0
1615802400,5,4
1615806000,10,4
1615809600,76,12
1615813200,54,12
1615816800,80,11
1615820400,68,1
1615824000,33,12
1615827600,52,10
1615831200,18,15
1615834800,52,1
1615838400,44,1
1615842000,77,3
1615845600,23,19
1615849200,89,14
1615852800,41,13
1615856400,48,12
1615860000,68,9
1615863600,15,15
1615867200,48,18
1615870800,49,0
1615874400,75,8
1615878000,58,19
1615881600,38,20
1615885200,63,14
1615888800,33,6
1615892400,20,14
1615896000,43,14
1615899600,81,4
1615903200,72,5
1615906800,59,14
1615910400,86,9
1615914000,36,11
1615917600,83,1
1615921200,36,18
1615924800,64,8
1615928400,23,4
1615932000,83,13
1615935600,33,14
1615939200,88,7
1615942800,84,4
1615946400,77,19
1615950000,82,16
1615953600,48,9
1615957200,78,0
1615960800,44,15
1615964400,56,8
1615968000,72,19
1615971600,73,19
1615975200,79,1
1615978800,23,16
1615982400,29,7
1615986000,18,5
1615989600,38,16
1615993200,61,10
1615996800,24,0
1616000400,90,14
1616004000,40,6
1616007600,13,11
1616011200,47,7
1616014800,54,6
1616018400,75,2
1616022000,36,20
1616025600,57,10
1616029200,17,15
1616032800,22,8
1616036400,34,18
1616040000,13,5
1616043600,53,13
1616047200,70,19
1616050800,89,2
1616054400,65,13
1616058000,73,16
1616061600,85,3
1616065200,42,13
1616068800,92,13
1616072400,9,7
1616076000,80,7
1616079600,26,9
1616083200,70,2
1616086800,58,5
1616090400,34,12
1616094000,95,4
1616097600,14,2
1616101200,55,17
1616104800,86,18
1616108400,19,15
1616112000,43,12
1616115600,83,6
1616119200,31,14
1616122800,46,2
1616126400,31,13
1616130000,71,17
1616133600,45,13
1616137200,62,15
1616140800,75,10
1616144400,25,2
1616148000,75,20
1616151600,69,17
1616155200,13,0
1616158800,72,18
1616162400,86,7
1616166000,25,5
1616169600,43,2
1616173200,90,11
1616176800,69,7
1616180400,49,0
1616184000,88,20
1616187600,36,19
1616191200,35,2
1616194800,28,3
1616198400,77,7
1616202000,79,12
1616205600,77,9
1616209200,10,3
1616212800,49,20
1616216400,32,5
1616220000,57,11
1616223600,70,3
1616227200,94,20
1616230800,14,6
1616234400,89,4
1616238000,19,3
1616241600,53,1
1616245200,13,12
1616248800,73,10
1616252400,27,10
1616256000,84,17
1616259600,87,20
1616263200,85,7
1616266800,26,13
1616270400,11,3
1616274000,86,9
1616277600,85,5
1616281200,19,4
1616284800,18,2
1616288400,93,9
1616292000,82,13
1616295600,63,6
1616299200,52,9
1616302800,30,12
1616306400,43,6
1616310000,33,13
1616313600,39,0
1616317200,31,6
1616320800,35,15
1616324400,55,10
1616328000,40,13
1616331600,23,8
1616335200,68,6
1616338800,62,19
1616342400,46,20
1616346000,42,13
1616349600,24,16
1616353200,72,4
1616356800,28,12
1616360400,16,1
1616364000,89,17
1616367600,66,0
1616371200,78,4
1616374800,3,1
1616378400,21,19
1616382000,11,11
1616385600,11,5
1616389200,17,5
1616392800,37,10
1616396400,21,18
1616400000,70,9
1616403600,30,19
1616407200,23,6
1616410800,90,6
1616414400,78,16
1616418000,30,16
1616421600,65,18
1616425200,12,4
1616428800,46,16
1616432400,17,17
1616436000,33,13
1616439600,80,3
1616443200,78,6
1616446800,18,8
1616450400,78,10
1616454000,55,0
1616457600,60,14
1616461200,53,0
1616464800,82,18
1616468400,51,16
1616472000,63,13
1616475600,30,1
1616479200,62,2
1616482800,14,10
1616486400,25,10
1616490000,69,9
1616493600,44,13
1616497200,18,17
1616500800,80,18
1616504400,10,9
1616508000,31,6
1616511600,8,4
1616515200,72,7
1616518800,58,17
1616522400,33,11
1616526000,43,16
1616529600,51,19
1616533200,12,12
1616536800,55,1
1616540400,29,16
1616544000,20,7
1616547600,21,9
1616551200,55,14
1616554800,41,15
1616558400,92,4
1616562000,34,18
1616565600,13,12
1616569200,64,5
1616572800,82,4
1616576400,48,19
1616580000,32,10
1616583600,90,17
1616587200,83,12
1616590800,38,7
1616594400,76,9
1616598000,76,20
1616601600,73,4
1616605200,75,11
1616608800,20,10
1616612400,34,6
1616616000,31,6
1616619600,67,0
1616623200,37,1
1616626800,80,12
1616630400,55,6
1616634000,42,20
1616637600,76,4
1616641200,84,2
1616644800,6,1
1616648400,29,4
1616652000,12,7
1616655600,78,20
1616659200,65,8
1616662800,47,4
1616666400,36,11
1616670000,89,10
1616673600,22,11
1616677200,85,12
1616680800,76,15
1616684400,63,15
1616688000,58,11
1616691600,76,14
1616695200,48,6
1616698800,62,5
1616702400,9,2
1616706000,20,14
1616709600,11,9
1616713200,53,18
1616716800,34,0
1616720400,55,13
1616724000,51,9
1616727600,37,5
1616731200,71,9
1616734800,93,8
1616738400,26,18
1616742000,84,1
1616745600,89,15
1616749200,43,20
1616752800,56,8
1616756400,51,7
1616760000,83,11
1616763600,90,17
1616767200,87,12
1616770800,42,15
1616774400,36,11
1616778000,44,0
1616781600,73,5
1616785200,89,17
1616788800,23,1
1616792400,35,16
1616796000,14,5
1616799600,86,1
1616803200,28,9
1616806800,50,0
1616810400,2,1
1616814000,29,4
1616817600,16,6
1616821200,51,8
1616824800,54,8
1616828400,84,8
1616832000,27,5
1616835600,46,18
1616839200,79,14
1616842800,40,2
1616846400,17,15
1616850000,77,10
1616853600,95,10
1616857200,52,19
1616860800,79,7
1616864400,65,13
1616868000,33,4
1616871600,58,17
1616875200,48,11
1616878800,70,6
1616882400,59,4
1616886000,33,17
1616889600,56,20
1616893200,52,18
1616896800,7,1
1616900400,19,6
1616904000,89,12
1616907600,52,15
1616911200,49,2
1616914800,63,18
1616918400,59,9
1616922000,80,16
1616925600,87,2
1616929200,76,20
1616932800,66,15
1616936400,93,9
1616940000,71,15
1616943600,26,6
1616947200,91,15
1616950800,60,7
1616954400,40,18
1616958000,90,10
1616961600,86,4
1616965200,63,9
1616968800,84,15
1616972400,36,13
1616976000,43,13
1616979600,53,10
1616983200,24,18
1616986800,82,6
1616990400,94,10
1616994000,78,7
1616997600,22,17
1617001200,65,19
1617004800,48,13
1617008400,83,5
1617012000,23,14
1617015600,30,18
1617019200,21,17
1617022800,62,1
1617026400,39,10
1617030000,21,8
1617033600,79,19
1617037200,44,14
1617040800,16,5
1617044400,42,4
1617048000,51,10
1617051600,90,20
1617055200,34,0
1617058800,33,18
1617062400,40,19
1617066000,84,20
1617069600,46,14
1617073200,25,7
1617076800,48,19
1617080400,58,17
1617084000,74,20
1617087600,62,7
1617091200,24,0
1617094800,76,10
1617098400,23,18
1617102000,33,20
1617105600,38,3
1617109200,83,14
1617112800,67,10
1617116400,28,13
1617120000,18,8
1617123600,59,18
1617127200,91,5
1617130800,67,8
1617134400,52,10
1617138000,52,11
1617141600,63,5
1617145200,74,4
1617148800,21,17
1617152400,88,10
1617156000,34,6
1617159600,70,18
1617163200,95,4
1617166800,11,8
1617170400,53,19
1617174000,74,19
1617177600,54,10
1617181200,36,4
1617184800,19,17
1617188400,78,17
1617192000,82,12
1617195600,71,12
1617199200,83,3
1617202800,72,20
1617206400,89,8
1617210000,42,9
1617213600,28,15
1617217200,17,17
1617220800,58,17
1617224400,13,8
1617228000,87,3
1617231600,20,18
1617235200,76,0
1617238800,24,6
1617242400,53,11
1617246000,21,19
1617249600,78,8
1617253200,48,18
1617256800,7,2
1617260400,82,4
1617264000,16,2
1617267600,87,18
1617271200,64,16
1617274800,60,9
1617278400,78,19
1617282000,47,3
1617285600,78,1
1617289200,85,11
1617292800,91,20
1617296400,46,14
1617300000,46,15
1617303600,38,10
1617307200,24,19
1617310800,86,9
1617314400,88,19
1617318000,81,7
1617321600,31,4
1617325200,79,13
1617328800,48,19
1617332400,48,10
1617336000,74,16
1617339600,32,13
1617343200,73,9
1617346800,82,14
1617350400,40,16
1617354000,80,16
1617357600,92,14
1617361200,94,11
1617364800,10,7
1617368400,92,11
1617372000,53,9
1617375600,31,3
1617379200,20,20
1617382800,42,10
1617386400,33,15
1617390000,94,9
1617393600,81,8
1617397200,29,5
1617400800,53,2
1617404400,94,2
1617408000,39,0
1617411600,8,3
1617415200,43,20
1617418800,95,5
1617422400,25,10
1617426000,46,9
1617429600,42,9
1617433200,95,9
1617436800,13,7
1617440400,33,1
1617444000,64,15
1617447600,45,9
1617451200,32,9
1617454800,47,16
1617458400,48,9
1617462000,73,4
1617465600,18,14
1617469200,72,2
1617472800,74,20
1617476400,31,17
1617480000,69,18
1617483600,6,3
1617487200,66,15
1617490800,95,12
1617494400,32,9
1617498000,90,19
1617501600,91,1
1617505200,59,20
1617508800,50,20
1617512400,60,20
1617516000,47,11
1617519600,29,15
1617523200,81,10
1617526800,95,13
1617530400,90,20
1617534000,44,13
1617537600,11,10
1617541200,56,3
1617544800,26,8
1617548400,63,1
1617552000,53,5
1617555600,71,14
1617559200,58,6
1617562800,90,15
1617566400,55,6
1617570000,93,9
1617573600,57,15
1617577200,48,17
1617580800,70,18
1617584400,64,7
1617588000,74,12
1617591600,23,15
1617595200,92,16
1617598800,89,1
1617602400,39,9
1617606000,47,16
1617609600,31,20
1617613200,22,19
1617616800,21,20
1617620400,36,7
1617624000,4,1
1617627600,25,20
1617631200,95,18
1617634800,16,16
1617638400,85,0
1617642000,43,12
1617645600,1,0
1617649200,92,7
1617652800,39,19
1617656400,91,15
1617660000,80,6
1617663600,21,18
1617667200,58,17
1617670800,90,7
1617674400,57,4
1617678000,47,20
1617681600,8,3
1617685200,59,20
1617688800,31,13
1617692400,39,16
1617696000,84,17
1617699600,91,20
1617703200,15,8
1617706800,9,9
1617710400,14,11
1617714000,49,11
1617717600,40,10
1617721200,9,0
1617724800,55,1
1617728400,6,0
1617732000,58,15
1617735600,51,10
1617739200,87,18
1617742800,34,17
1617746400,44,2
1617750000,86,18
1617753600,53,16
1617757200,13,12
1617760800,85,0
1617764400,10,7
1617768000,89,20
1617771600,86,8
1617775200,42,4
1617778800,43,14
1617782400,82,10
1617786000,64,11
1617789600,28,10
1617793200,71,1
1617796800,17,8
1617800400,22,12
1617804000,82,8
1617807600,27,5
1617811200,23,4
1617814800,83,2
1617818400,88,13
1617822000,84,14
1617825600,32,2
1617829200,50,20
1617832800,43,6
1617836400,29,12
1617840000,71,4
1617843600,52,20
1617847200,44,20
1617850800,22,18
1617854400,56,16
1617858000,43,15
1617861600,21,17
1617865200,82,0
1617868800,52,14
1617872400,36,1
1617876000,37,7
1617879600,64,17
1617883200,22,16
1617886800,41,16
1617890400,50,6
1617894000,79,17
1617897600,7,6
1617901200,18,0
1617904800,35,14
1617908400,76,8
1617912000,68,5
1617915600,73,9
1617919200,47,19
1617922800,82,0
1617926400,63,8
1617930000,64,15
1617933600,34,16
1617937200,45,2
1617940800,41,4
1617944400,47,9
1617948000,32,20
1617951600,73,16
1617955200,84,0
1617958800,72,6
1617962400,83,11
1617966000,90,20
1617969600,57,15
1617973200,64,18
1617976800,54,13
1617980400,62,2
1617984000,54,17
1617987600,22,12
1617991200,72,3
1617994800,31,19
1617998400,66,6
1618002000,31,13
1618005600,66,11
1618009200,88,9
1618012800,93,1
1618016400,19,1
1618020000,10,7
1618023600,41,5
1618027200,40,4
1618030800,30,12
1618034400,27,16
1618038000,47,14
1618041600,54,7
1618045200,68,18
1618048800,77,16
1618052400,69,16
1618056000,46,0
1618059600,37,7
1618063200,39,14
1618066800,88,19
1618070400,34,10
1618074000,72,2
1618077600,33,19
1618081200,71,17
1618084800,35,6
1618088400,90,19
1618092000,38,19
1618095600,35,10
1618099200,50,16
1618102800,92,15
1618106400,61,1
1618110000,34,12
1618113600,44,15
1618117200,22,11
1618120800,71,14
1618124400,79,0
1618128000,55,7
1618131600,45,18
1618135200,8,8
1618138800,27,7
1618142400,89,0
1618146000,38,13
1618149600,72,15
1618153200,61,2
1618156800,72,8
1618160400,61,0
1618164000,25,5
1618167600,44,7
1618171200,68,10
1618174800,52,6
1618178400,54,4
1618182000,17,2
1618185600,32,5
1618189200,68,16
1618192800,77,12
1618196400,43,4
1618200000,13,5
1618203600,59,10
1618207200,87,16
1618210800,61,8
1618214400,69,7
1618218000,40,8
1618221600,25,19
1618225200,45,10
1618228800,78,10
1618232400,12,7
1618236000,82,18
1618239600,48,2
1618243200,72,5
1618246800,47,13
1618250400,47,18
1618254000,12,6
1618257600,68,12
1618261200,92,18
1618264800,92,4
1618268400,51,6
1618272000,17,14
1618275600,81,1
1618279200,45,7
1618282800,26,17
1618286400,93,2
1618290000,89,5
1618293600,25,9
1618297200,47,2
1618300800,69,2
1618304400,44,10
1618308000,24,10
1618311600,85,20
1618315200,42,9
1618318800,28,4
1618322400,58,0
1618326000,59,3
1618329600,60,2
1618333200,88,4
1618336800,13,10
1618340400,35,20
1618344000,70,1
1618347600,90,10
1618351200,90,10
1618354800,41,1
1618358400,80,6
1618362000,47,12
1618365600,32,4
1618369200,37,14
1618372800,42,5
1618376400,73,5
1618380000,42,6
1618383600,51,18
1618387200,40,8
1618390800,31,11
1618394400,55,18
1618398000,69,8
1618401600,83,13
1618405200,36,5
1618408800,87,8
1618412400,72,16
1618416000,67,18
1618419600,56,6
1618423200,87,15
1618426800,40,11
1618430400,54,13
1618434000,14,3
1618437600,35,20
1618441200,77,0
1618444800,22,20
1618448400,36,3
1618452000,94,1
1618455600,93,11
1618459200,15,7
1618462800,42,17
1618466400,15,0
1618470000,84,5
1618473600,87,18
1618477200,91,15
1618480800,43,4
1618484400,53,8
1618488000,38,20
1618491600,32,12
1618495200,16,11
1618498800,55,5
1618502400,30,3
1618506000,74,2
1618509600,37,16
1618513200,71,16
1618516800,58,5
1618520400,50,15
1618524000,12,0
1618527600,28,0
1618531200,62,4
1618534800,35,6
1618538400,33,19
1618542000,61,3
1618545600,23,4
1618549200,50,16
1618552800,60,2
1618556400,92,19
1618560000,58,6
1618563600,41,5
1618567200,35,7
1618570800,51,1
1618574400,37,10
1618578000,71,17
1618581600,27,12
1618585200,11,4
1618588800,36,10
1618592400,3,0
1618596000,5,1
1618599600,84,4
1618603200,49,14
1618606800,61,14
1618610400,40,18
1618614000,38,18
1618617600,56,8
1618621200,25,1
1618624800,72,0
1618628400,62,5
1618632000,70,16
1618635600,90,16
1618639200,80,15
1618642800,72,20
1618646400,47,7
1618650000,92,8
1618653600,7,1
1618657200,59,9
1618660800,62,10
1618664400,17,8
1618668000,54,10
1618671600,6,6
1618675200,61,6
1618678800,36,11
1618682400,10,8
1618686000,78,12
1618689600,91,13
1618693200,58,9
1618696800,53,5
1618700400,17,9
1618704000,54,6
1618707600,44,17
1618711200,90,8
1618714800,35,20
1618718400,65,4
1618722000,77,1
1618725600,85,10
1618729200,88,10
1618732800,19,13
1618736400,36,0
1618740000,25,12
1618743600,72,4
1618747200,86,19
1618750800,78,12
1618754400,92,17
1618758000,33,14
1618761600,44,17
1618765200,84,7
1618768800,74,13
1618772400,95,20
1618776000,28,11
1618779600,25,9
1618783200,54,4
1618786800,82,13
1618790400,77,18
1618794000,87,16
1618797600,9,4
1618801200,15,13
1618804800,17,8
1618808400,5,3
1618812000,61,3
1618815600,21,3
1618819200,35,2
1618822800,71,1
1618826400,95,12
1618830000,18,9
1618833600,92,17
1618837200,86,20
1618840800,31,16
1618844400,52,16
1618848000,32,3
1618851600,2,0
1618855200,22,8
1618858800,70,5
1618862400,51,16
1618866000,38,16
1618869600,20,0
1618873200,68,15
1618876800,68,5
1618880400,72,15
1618884000,50,11
1618887600,43,18
1618891200,42,18
1618894800,11,6
1618898400,40,7
1618902000,18,2
1618905600,75,12
1618909200,89,14
1618912800,70,14
1618916400,56,13
1618920000,65,3
1618923600,30,1
1618927200,84,5
1618930800,80,3
1618934400,42,8
1618938000,32,8
1618941600,36,18
1618945200,70,2
1618948800,76,19
1618952400,59,4
1618956000,67,9
1618959600,69,9
1618963200,18,4
1618966800,61,18
1618970400,52,18
1618974000,8,2
1618977600,36,16
1618981200,77,2
1618984800,47,18
1618988400,57,12
1618992000,58,1
1618995600,44,0
1618999200,8,0
1619002800,16,9
1619006400,30,10
1619010000,24,20
1619013600,57,15
1619017200,32,15
1619020800,81,9
1619024400,78,15
1619028000,77,20
1619031600,27,5
1619035200,25,20
1619038800,53,14
1619042400,43,10
1619046000,79,17
1619049600,89,2
1619053200,87,3
1619056800,26,17
1619060400,91,20
1619064000,30,3
1619067600,80,0
1619071200,73,6
1619074800,84,16
1619078400,5,2
1619082000,35,20
1619085600,4,3
1619089200,75,12
1619092800,9,9
1619096400,15,14
1619100000,56,11
1619103600,33,4
1619107200,28,6
1619110800,75,15
1619114400,71,20
1619118000,41,4
1619121600,82,11
1619125200,54,18
1619128800,94,13
1619132400,55,8
1619136000,73,19
1619139600,61,14
1619143200,37,7
1619146800,31,0
1619150400,77,11
1619154000,88,10
1619157600,74,3
1619161200,40,14
1619164800,34,1
1619168400,13,7
1619172000,73,20
1619175600,21,18
1619179200,22,9
1619182800,85,3
1619186400,6,1
1619190000,74,16
1619193600,75,14
1619197200,42,0
1619200800,52,13
1619204400,71,14
1619208000,20,13
1619211600,60,1
1619215200,68,16
1619218800,19,1
1619222400,76,19
1619226000,92,12
1619229600,49,18
1619233200,18,5
1619236800,0,0
1619240400,59,6
1619244000,72,16
1619247600,19,18
1619251200,27,9
1619254800,58,6
1619258400,86,15
1619262000,9,2
1619265600,75,1
1619269200,64,0
1619272800,52,15
1619276400,60,10
1619280000,15,10
1619283600,25,10
1619287200,85,9
1619290800,31,9
1619294400,34,19
1619298000,54,6
1619301600,61,15
1619305200,59,20
1619308800,66,20
1619312400,66,2
1619316000,26,2
1619319600,21,19
1619323200,15,4
1619326800,53,18
1619330400,76,0
1619334000,79,13
1619337600,57,7
1619341200,49,11
1619344800,33,13
1619348400,59,0
1619352000,67,11
1619355600,87,1
1619359200,88,6
1619362800,91,6
1619366400,65,1
1619370000,57,18
1619373600,56,9
1619377200,31,3
1619380800,41,14
1619384400,89,12
1619388000,95,6
1619391600,10,0
1619395200,43,2
1619398800,30,6
1619402400,35,7
1619406000,12,4
1619409600,92,6
1619413200,47,1
1619416800,90,3
1619420400,81,17
1619424000,24,12
1619427600,19,5
1619431200,18,6
1619434800,85,14
1619438400,53,7
1619442000,67,12
1619445600,88,6
1619449200,18,5
1619452800,49,19
1619456400,7,1
1619460000,90,11
1619463600,15,0
1619467200,38,8
1619470800,76,8
1619474400,40,3
1619478000,73,11
1619481600,33,14
1619485200,38,16
1619488800,76,2
1619492400,45,20
1619496000,81,13
1619499600,71,0
1619503200,95,19
1619506800,78,2
1619510400,15,13
1619514000,76,20
1619517600,80,4
1619521200,54,20
1619524800,87,17
1619528400,89,19
1619532000,9,9
1619535600,18,14
1619539200,15,3
1619542800,47,2
1619546400,77,17
1619550000,32,13
1619553600,47,9
1619557200,78,3
1619560800,78,18
1619564400,8,1
1619568000,33,5
1619571600,61,12
1619575200,56,18
1619578800,60,18
1619582400,38,18
1619586000,20,10
1619589600,27,3
1619593200,91,7
1619596800,24,13
1619600400,41,7
1619604000,38,7
1619607600,92,14
1619611200,35,10
1619614800,23,0
1619618400,24,20
1619622000,27,13
1619625600,38,20
1619629200,94,10
1619632800,54,14
1619636400,13,6
1619640000,50,19
1619643600,79,14
1619647200,80,20
1619650800,58,3
1619654400,53,6
1619658000,49,17
1619661600,73,9
1619665200,38,3
1619668800,40,6
1619672400,81,1
1619676000,5,0
1619679600,18,4
1619683200,94,17
1619686800,16,14
1619690400,54,19
1619694000,65,19
1619697600,88,17
1619701200,72,17
1619704800,59,7
1619708400,91,4
1619712000,69,9
1619715600,28,1
1619719200,33,11
1619722800,90,12
1619726400,88,6
1619730000,58,17
1619733600,77,4
1619737200,89,4
1619740800,29,13
1619744400,82,8
1619748000,87,17
1619751600,30,5
1619755200,85,14
1619758800,95,4
1619762400,84,18
1619766000,83,11
1619769600,54,7
1619773200,57,1
1619776800,86,18
1619780400,43,8
1619784000,21,1
1619787600,54,6
1619791200,28,4
1619794800,69,5
1619798400,88,7
1619802000,43,2
1619805600,32,17
1619809200,20,12
1619812800,61,5
1619816400,29,7
1619820000,66,0
1619823600,68,9
1619827200,62,10
1619830800,87,19
1619834400,76,18
1619838000,30,7
1619841600,28,7
1619845200,39,0
1619848800,64,1
1619852400,24,4
1619856000,24,16
1619859600,33,7
1619863200,76,10
1619866800,69,19
1619870400,52,11
1619874000,27,17
1619877600,12,0
1619881200,21,12
1619884800,56,10
1619888400,52,14
1619892000,73,12
1619895600,30,1
1619899200,35,10
1619902800,82,8
1619906400,36,5
1619910000,32,16
1619913600,80,13
1619917200,50,9
1619920800,35,18
1619924400,38,15
1619928000,60,8
1619931600,73,15
1619935200,27,11
1619938800,52,16
1619942400,82,12
1619946000,42,3
1619949600,35,4
1619953200,2,0
1619956800,48,4
1619960400,58,2
1619964000,16,15
1619967600,25,9
1619971200,53,17
1619974800,66,7
1619978400,88,1
1619982000,22,20
1619985600,77,9
1619989200,48,14
1619992800,85,18
1619996400,25,18
1620000000,51,15
1620003600,74,8
1620007200,11,2
1620010800,90,10
1620014400,52,14
1620018000,40,17
1620021600,12,6
1620025200,70,14
1620028800,73,19
1620032400,34,14
1620036000,58,0
1620039600,77,5
1620043200,47,6
1620046800,46,6
1620050400,73,4
1620054000,85,8
1620057600,44,3
1620061200,54,13
1620064800,51,0
1620068400,70,10
1620072000,50,10
1620075600,95,0
1620079200,69,9
1620082800,41,14
1620086400,76,10
1620090000,69,5
1620093600,54,20
1620097200,48,15
1620100800,26,5
1620104400,17,4
1620108000,16,3
1620111600,22,3
1620115200,41,4
1620118800,72,8
1620122400,41,14
1620126000,86,17
1620129600,12,2
1620133200,58,16
1620136800,54,6
1620140400,58,15
1620144000,70,17
1620147600,9,4
1620151200,37,6
1620154800,83,18
1620158400,74,18
1620162000,53,16
1620165600,88,8
1620169200,22,3
1620172800,67,10
1620176400,77,14
1620180000,21,4
1620183600,16,3
1620187200,20,2
1620190800,66,14
1620194400,41,5
1620198000,47,2
1620201600,30,4
1620205200,49,16
1620208800,36,2
1620212400,95,20
1620216000,75,10
1620219600,72,19
1620223200,95,12
1620226800,65,7
1620230400,10,8
1620234000,71,1
1620237600,7,5
1620241200,23,15
1620244800,27,19
1620248400,46,14
1620252000,63,14
1620255600,87,5
1620259200,52,18
1620262800,10,7
1620266400,48,7
1620270000,21,16
1620273600,31,20
1620277200,67,13
1620280800,82,11
1620284400,90,10
1620288000,71,16
1620291600,87,7
1620295200,82,10
1620298800,32,6
1620302400,59,5
1620306000,94,12
1620309600,28,12
1620313200,29,15
1620316800,95,12
1620320400,47,6
1620324000,88,6
1620327600,29,17
1620331200,58,14
1620334800,50,13
1620338400,89,5
1620342000,26,20
1620345600,82,10
1620349200,71,20
1620352800,32,3
1620356400,6,5
1620360000,55,3
1620363600,74,4
1620367200,64,11
1620370800,68,1
1620374400,86,17
1620378000,51,1
1620381600,67,6
1620385200,7,4
1620388800,58,1
1620392400,74,19
1620396000,45,18
1620399600,73,5
1620403200,87,20
1620406800,37,2
1620410400,44,7
1620414000,34,8
1620417600,57,0
1620421200,29,2
1620424800,43,9
1620428400,79,12
1620432000,55,6
1620435600,95,4
1620439200,88,7
1620442800,9,8
1620446400,95,5
1620450000,33,12
1620453600,58,1
1620457200,33,3
1620460800,45,17
1620464400,25,0
1620468000,49,8
1620471600,78,13
1620475200,67,18
1620478800,95,18
1620482400,90,14
1620486000,35,9
1620489600,64,0
1620493200,89,9
1620496800,30,20
1620500400,18,13
1620504000,47,0
1620507600,23,2
1620511200,29,18
1620514800,95,18
1620518400,14,8
1620522000,70,16
1620525600,9,3
1620529200,92,2
1620532800,19,19
1620536400,74,4
1620540000,61,9
1620543600,71,7
1620547200,69,3
1620550800,77,12
1620554400,10,9
1620558000,68,4
1620561600,72,5
1620565200,19,7
1620568800,95,7
1620572400,38,14
1620576000,37,0
1620579600,68,9
1620583200,88,16
1620586800,37,1
1620590400,45,11
1620594000,13,0
1620597600,36,16
1620601200,36,5
1620604800,57,0
1620608400,36,18
1620612000,82,20
1620615600,60,17
1620619200,92,4
1620622800,38,4
1620626400,38,5
1620630000,74,4
1620633600,94,6
1620637200,81,5
1620640800,43,3
1620644400,59,10
1620648000,80,9
1620651600,93,11
1620655200,27,17
1620658800,69,20
1620662400,83,11
1620666000,18,3
1620669600,36,14
1620673200,78,11
1620676800,67,0
1620680400,86,7
1620684000,65,12
1620687600,18,6
1620691200,91,1
1620694800,74,17
1620698400,18,16
1620702000,81,15
1620705600,56,16
1620709200,79,3
1620712800,81,18
1620716400,24,4
1620720000,52,15
1620723600,60,15
1620727200,11,5
1620730800,84,4
1620734400,57,20
1620738000,73,8
1620741600,91,20
1620745200,81,8
1620748800,83,4
1620752400,12,3
1620756000,19,7
1620759600,40,19
1620763200,57,20
1620766800,92,10
1620770400,59,0
1620774000,46,0
1620777600,64,20
1620781200,76,2
1620784800,75,20
1620788400,55,10
1620792000,83,16
1620795600,20,7
1620799200,63,8
1620802800,50,14
1620806400,18,15
1620810000,8,8
1620813600,88,10
1620817200,31,0
1620820800,65,8
1620824400,22,1
1620828000,8,0
1620831600,90,2
1620835200,74,16
1620838800,50,4
1620842400,78,6
1620846000,16,9
1620849600,7,5
1620853200,80,15
1620856800,27,8
1620860400,35,3
1620864000,26,0
1620867600,14,0
1620871200,25,18
1620874800,60,16
1620878400,81,8
1620882000,78,10
1620885600,33,17
1620889200,69,8
1620892800,22,12
1620896400,22,4
1620900000,88,20
1620903600,67,18
1620907200,58,6
1620910800,89,18
1620914400,44,16
1620918000,35,15
1620921600,88,10
1620925200,13,2
1620928800,89,14
1620932400,16,9
1620936000,36,10
1620939600,24,8
1620943200,40,5
1620946800,29,17
1620950400,41,3
1620954000,61,11
1620957600,58,10
1620961200,65,6
1620964800,77,19
1620968400,20,10
1620972000,31,1
1620975600,30,6
1620979200,83,18
1620982800,21,15
1620986400,67,1
1620990000,45,9
1620993600,86,18
1620997200,56,17
1621000800,88,10
1621004400,88,16
1621008000,72,10
1621011600,44,11
1621015200,63,13
1621018800,24,17
1621022400,42,17
1621026000,73,2
1621029600,62,5
1621033200,7,5
1621036800,89,15
1621040400,88,9
1621044000,65,19
1621047600,21,5
1621051200,95,12
1621054800,85,15
1621058400,19,11
1621062000,13,10
1621065600,20,14
1621069200,80,19
1621072800,94,16
1621076400,64,13
1621080000,54,16
1621083600,24,6
1621087200,77,0
1621090800,16,0
1621094400,26,8
1621098000,55,7
1621101600,71,5
1621105200,35,20
1621108800,57,10
1621112400,19,19
1621116000,77,1
1621119600,82,19
1621123200,48,9
1621126800,57,17
1621130400,23,8
1621134000,83,14
1621137600,59,1
1621141200,55,3
1621144800,81,6
1621148400,54,13
1621152000,92,11
1621155600,55,18
1621159200,34,7
1621162800,71,12
1621166400,49,7
1621170000,38,17
1621173600,25,17
1621177200,78,19
1621180800,62,11
1621184400,78,5
1621188000,23,3
1621191600,82,0
1621195200,30,15
1621198800,66,3
1621202400,19,5
1621206000,72,13
1621209600,74,11
1621213200,60,11
1621216800,77,1
1621220400,61,15
1621224000,55,11
1621227600,19,12
1621231200,19,3
1621234800,95,8
1621238400,20,4
1621242000,45,8
1621245600,91,7
1621249200,16,9
1621252800,51,10
1621256400,72,0
1621260000,95,4
1621263600,15,10
1621267200,52,19
1621270800,37,13
1621274400,27,0
1621278000,30,5
1621281600,18,14
1621285200,38,16
1621288800,64,4
1621292400,12,6
1621296000,75,14
1621299600,91,11
1621303200,60,19
1621306800,81,0
1621310400,79,7
1621314000,79,19
1621317600,89,11
1621321200,95,6
1621324800,85,4
1621328400,60,4
1621332000,67,0
1621335600,94,14
1621339200,78,1
1621342800,81,8
1621346400,15,9
1621350000,18,11
1621353600,46,4
1621357200,65,1
1621360800,40,19
1621364400,87,4
1621368000,14,0
1621371600,52,15
1621375200,58,6
1621378800,83,16
1621382400,25,13
1621386000,26,12
1621389600,33,6
1621393200,21,7
1621396800,89,11
1621400400,51,10
1621404000,45,5
1621407600,79,18
1621411200,41,18
1621414800,95,7
1621418400,60,18
1621422000,74,17
1621425600,14,9
1621429200,90,5
1621432800,19,9
1621436400,71,2
1621440000,40,18
1621443600,49,16
1621447200,91,16
1621450800,7,6
1621454400,32,14
1621458000,92,1
1621461600,43,10
1621465200,56,6
1621468800,45,15
1621472400,38,19
1621476000,40,0
1621479600,7,7
1621483200,32,4
1621486800,17,2
1621490400,78,11
1621494000,33,14
1621497600,49,18
1621501200,86,6
1621504800,59,7
1621508400,91,16
1621512000,44,4
1621515600,32,19
1621519200,78,10
1621522800,25,18
1621526400,84,14
1621530000,61,16
1621533600,93,10
1621537200,83,0
1621540800,88,14
1621544400,7,5
1621548000,11,7
1621551600,65,9
1621555200,95,3
1621558800,14,14
1621562400,81,4
1621566000,29,8
1621569600,93,20
1621573200,85,19
1621576800,54,6
1621580400,74,14
1621584000,52,9
1621587600,94,9
1621591200,65,11
1621594800,79,12
1621598400,25,11
1621602000,65,6
1621605600,95,14
1621609200,86,19
1621612800,11,7
1621616400,35,4
1621620000,91,17
1621623600,33,13
1621627200,51,14
1621630800,39,4
1621634400,30,4
1621638000,81,16
1621641600,16,3
1621645200,41,11
1621648800,59,13
1621652400,39,16
1621656000,95,16
1621659600,76,19
1621663200,79,14
1621666800,15,3
1621670400,54,5
1621674000,30,7
1621677600,74,17
1621681200,30,14
1621684800,16,9
1621688400,56,7
1621692000,15,12
1621695600,69,3
1621699200,10,5
1621702800,66,7
1621706400,30,13
1621710000,95,19
1621713600,50,4
1621717200,91,12
1621720800,75,9
1621724400,67,16
1621728000,22,20
1621731600,17,14
1621735200,35,0
1621738800,12,5
1621742400,52,1
1621746000,88,19
1621749600,38,14
1621753200,66,5
1621756800,45,12
1621760400,94,15
1621764000,35,13
1621767600,93,8
1621771200,31,7
1621774800,94,11
1621778400,80,13
1621782000,94,8
1621785600,39,5
1621789200,21,8
1621792800,54,3
1621796400,18,10
1621800000,93,2
1621803600,76,15
1621807200,54,6
1621810800,72,12
1621814400,84,10
1621818000,28,20
1621821600,22,18
1621825200,51,17
1621828800,12,5
1621832400,91,18
1621836000,36,12
1621839600,12,9
1621843200,39,3
1621846800,69,18
1621850400,86,6
1621854000,33,8
1621857600,56,12
1621861200,43,1
1621864800,77,20
1621868400,42,13
1621872000,73,19
1621875600,13,7
1621879200,35,17
1621882800,72,17
1621886400,83,7
1621890000,92,19
1621893600,29,18
1621897200,40,11
1621900800,62,20
1621904400,73,2
1621908000,43,12
1621911600,55,12
1621915200,42,10
1621918800,29,17
1621922400,21,7
1621926000,63,15
1621929600,39,19
1621933200,86,17
1621936800,44,1
1621940400,73,15
1621944000,72,5
1621947600,63,3
1621951200,20,16
1621954800,49,17
1621958400,66,19
1621962000,21,20
1621965600,18,6
1621969200,20,11
1621972800,89,2
1621976400,10,3
1621980000,56,14
1621983600,41,8
1621987200,20,15
1621990800,63,7
1621994400,88,19
1621998000,46,1
1622001600,24,11
1622005200,55,2
1622008800,26,17
1622012400,61,18
1622016000,92,16
1622019600,48,5
1622023200,9,4
1622026800,91,18
1622030400,67,20
1622034000,51,10
1622037600,78,14
1622041200,60,5
1622044800,39,2
1622048400,28,0
1622052000,58,10
1622055600,7,0
1622059200,67,4
1622062800,95,2
1622066400,24,19
1622070000,36,14
1622073600,71,11
1622077200,74,14
1622080800,94,10
1622084400,18,18
1622088000,85,7
1622091600,94,2
1622095200,18,0
1622098800,29,4
1622102400,54,16
1622106000,20,20
1622109600,22,2
1622113200,19,3
1622116800,46,18
1622120400,6,3
1622124000,93,0
1622127600,80,6
1622131200,32,12
1622134800,68,4
1622138400,33,8
1622142000,10,9
1622145600,92,2
1622149200,39,11
1622152800,22,17
1622156400,74,3
1622160000,82,15
1622163600,43,16
1622167200,86,19
1622170800,62,20
1622174400,56,20
1622178000,11,7
1622181600,89,15
1622185200,28,8
1622188800,52,9
1622192400,25,4
1622196000,23,7
1622199600,21,10
1622203200,22,2
1622206800,50,12
1622210400,67,12
1622214000,49,7
1622217600,75,14
1622221200,44,20
1622224800,41,17
1622228400,89,3
1622232000,41,19
1622235600,21,11
1622239200,85,19
1622242800,94,16
1622246400,53,7
1622250000,81,2
1622253600,52,9
1622257200,56,1
1622260800,60,8
1622264400,79,6
1622268000,32,3
1622271600,41,2
1622275200,13,12
1622278800,15,6
1622282400,39,18
1622286000,39,20
1622289600,82,17
1622293200,60,5
1622296800,87,5
1622300400,36,19
1622304000,27,15
1622307600,23,1
1622311200,80,8
1622314800,62,13
1622318400,54,13
1622322000,62,10
1622325600,19,10
1622329200,95,12
1622332800,30,12
1622336400,5,4
1622340000,9,6
1622343600,38,1
1622347200,58,12
1622350800,12,11
1622354400,39,3
1622358000,6,4
1622361600,76,7
1622365200,63,20
1622368800,13,6
1622372400,80,7
1622376000,41,9
1622379600,32,15
1622383200,17,7
1622386800,95,15
1622390400,43,1
1622394000,69,7
1622397600,54,20
1622401200,51,3
1622404800,65,11
1622408400,3,3
1622412000,61,1
1622415600,26,7
1622419200,65,11
1622422800,79,1
1622426400,78,18
1622430000,40,13
1622433600,51,3
1622437200,32,1
1622440800,45,10
1622444400,87,7
1622448000,21,14
1622451600,52,17
1622455200,33,19
1622458800,21,0
1622462400,57,13
1622466000,65,0
1622469600,55,9
1622473200,12,2
1622476800,35,12
1622480400,82,12
1622484000,48,8
1622487600,21,12
1622491200,31,8
1622494800,94,18
1622498400,47,6
1622502000,57,8
1622505600,76,15
1622509200,65,8
1622512800,75,2
1622516400,32,20
1622520000,37,10
1622523600,47,7
1622527200,12,2
1622530800,27,14
1622534400,84,9
1622538000,27,20
1622541600,30,5
1622545200,62,4
1622548800,47,1
1622552400,59,12
1622556000,13,2
1622559600,75,2
1622563200,75,1
1622566800,62,3
1622570400,90,17
1622574000,60,15
1622577600,91,18
1622581200,15,2
1622584800,53,9
1622588400,49,12
1622592000,43,15
1622595600,71,11
1622599200,54,19
1622602800,62,14
1622606400,91,13
1622610000,13,3
1622613600,84,2
1622617200,83,5
1622620800,89,15
1622624400,92,3
1622628000,76,6
1622631600,19,16
1622635200,88,18
1622638800,1,1
1622642400,63,8
1622646000,14,0
1622649600,15,0
1622653200,30,2
1622656800,76,2
1622660400,18,16
1622664000,59,19
1622667600,7,4
1622671200,60,2
1622674800,59,2
1622678400,57,16
1622682000,29,6
1622685600,49,20
1622689200,78,3
1622692800,73,15
1622696400,74,20
1622700000,59,14
1622703600,18,3
1622707200,53,9
1622710800,69,9
1622714400,62,20
1622718000,30,0
1622721600,93,1
1622725200,44,17
1622728800,84,13
1622732400,50,17
1622736000,68,20
1622739600,34,8
1622743200,79,20
1622746800,39,15
1622750400,81,14
1622754000,54,13
1622757600,26,12
1622761200,52,18
1622764800,53,19
1622768400,18,7
1622772000,80,9
1622775600,47,14
1622779200,81,13
1622782800,77,9
1622786400,23,4
1622790000,46,11
1622793600,12,3
1622797200,36,0
1622800800,48,9
1622804400,28,11
1622808000,94,7
1622811600,43,6
1622815200,42,15
1622818800,94,17
1622822400,58,9
1622826000,26,7
1622829600,18,7
1622833200,69,3
1622836800,91,6
1622840400,69,2
1622844000,55,14
1622847600,19,11
1622851200,30,9
1622854800,46,16
1622858400,19,4
1622862000,34,16
1622865600,48,5
1622869200,90,7
1622872800,88,4
1622876400,90,9
1622880000,52,3
1622883600,9,7
1622887200,65,12
1622890800,10,8
1622894400,9,1
1622898000,83,5
1622901600,37,18
1622905200,75,10
1622908800,65,5
1622912400,90,20
1622916000,76,8
1622919600,75,19
1622923200,54,15
1622926800,95,11
1622930400,88,7
1622934000,23,7
1622937600,35,15
1622941200,32,19
1622944800,30,2
1622948400,91,1
1622952000,18,12
1622955600,38,17
1622959200,30,0
1622962800,61,14
1622966400,61,10
1622970000,90,13
1622973600,67,7
1622977200,39,10
1622980800,81,16
1622984400,18,15
1622988000,27,19
1622991600,47,9
1622995200,64,14
1622998800,68,18
1623002400,21,11
1623006000,26,18
1623009600,44,1
1623013200,76,12
1623016800,36,16
1623020400,76,4
1623024000,79,18
1623027600,86,0
1623031200,8,5
1623034800,78,1
1623038400,22,8
1623042000,95,19
1623045600,71,14
1623049200,49,18
1623052800,25,12
1623056400,85,1
1623060000,9,7
1623063600,13,5
1623067200,24,8
1623070800,85,7
1623074400,36,19
1623078000,35,5
1623081600,45,5
1623085200,32,18
1623088800,83,13
1623092400,76,6
1623096000,14,10
1623099600,85,5
1623103200,37,8
1623106800,24,11
1623110400,76,11
1623114000,69,2
1623117600,53,4
1623121200,89,4
1623124800,54,20
1623128400,44,11
1623132000,1,1
1623135600,79,12
1623139200,19,1
1623142800,69,12
1623146400,34,3
1623150000,79,14
1623153600,89,16
1623157200,72,16
1623160800,19,18
1623164400,89,1
1623168000,57,12
1623171600,93,4
1623175200,60,6
1623178800,44,3
1623182400,54,0
1623186000,9,1
1623189600,49,11
1623193200,4,3
1623196800,82,20
1623200400,58,2
1623204000,34,6
1623207600,93,13
1623211200,31,13
1623214800,68,3
1623218400,60,11
1623222000,81,16
1623225600,59,5
1623229200,72,17
1623232800,43,7
1623236400,77,14
1623240000,37,14
1623243600,7,2
1623247200,15,5
1623250800,59,11
1623254400,65,16
1623258000,6,4
1623261600,78,9
1623265200,25,19
1623268800,23,0
1623272400,17,7
1623276000,90,1
1623279600,58,12
1623283200,53,19
1623286800,62,13
1623290400,59,3
1623294000,63,6
1623297600,34,19
1623301200,81,18
1623304800,67,11
1623308400,44,5
1623312000,35,20
1623315600,22,1
1623319200,56,20
1623322800,74,5
1623326400,19,18
1623330000,78,9
1623333600,47,10
1623337200,27,1
1623340800,15,2
1623344400,60,10
1623348000,75,18
1623351600,2,0
1623355200,34,0
1623358800,39,15
1623362400,94,4
1623366000,30,14
1623369600,39,2
1623373200,73,7
1623376800,64,12
1623380400,94,0
1623384000,81,20
1623387600,90,4
1623391200,28,3
1623394800,77,15
1623398400,73,17
1623402000,63,11
1623405600,59,17
1623409200,87,3
1623412800,82,7
1623416400,64,7
1623420000,43,13
1623423600,51,9
1623427200,29,12
1623430800,84,16
1623434400,47,4
1623438000,78,11
1623441600,33,20
1623445200,77,12
1623448800,34,17
1623452400,86,6
1623456000,77,8
1623459600,8,0
1623463200,15,5
1623466800,86,2
1623470400,21,19
1623474000,21,19
1623477600,84,7
1623481200,32,3
1623484800,6,1
1623488400,69,0
1623492000,38,11
1623495600,88,10
1623499200,19,2
1623502800,11,10
1623506400,91,5
1623510000,88,8
1623513600,21,10
1623517200,40,16
1623520800,81,8
1623524400,34,4
1623528000,90,4
1623531600,70,14
1623535200,74,9
1623538800,65,9
1623542400,44,14
1623546000,53,15
1623549600,21,19
1623553200,33,12
1623556800,63,1
1623560400,30,17
1623564000,24,14
1623567600,33,15
1623571200,83,9
1623574800,82,17
1623578400,26,8
1623582000,65,0
1623585600,83,0
1623589200,21,2
1623592800,74,11
1623596400,34,17
1623600000,50,20
1623603600,33,4
1623607200,18,13
1623610800,33,16
1623614400,90,13
1623618000,39,16
1623621600,39,13
1623625200,89,8
1623628800,64,0
1623632400,65,16
1623636000,11,3
1623639600,19,18
1623643200,37,10
1623646800,58,9
1623650400,13,8
1623654000,17,0
1623657600,34,14
1623661200,70,1
1623664800,21,18
1623668400,49,16
1623672000,9,3
1623675600,82,13
1623679200,88,20
1623682800,38,14
1623686400,43,5
1623690000,92,4
1623693600,59,6
1623697200,71,7
1623700800,32,17
1623704400,54,13
1623708000,23,18
1623711600,29,8
1623715200,21,16
1623718800,16,14
1623722400,83,20
1623726000,37,18
1623729600,23,17
1623733200,17,16
1623736800,73,11
1623740400,89,12
1623744000,93,17
1623747600,78,20
1623751200,43,14
1623754800,23,15
1623758400,25,20
1623762000,14,11
1623765600,56,18
1623769200,68,6
1623772800,64,1
1623776400,23,2
1623780000,24,8
1623783600,90,20
1623787200,85,8
1623790800,46,19
1623794400,14,2
1623798000,87,13
1623801600,15,1
1623805200,20,20
1623808800,85,16
1623812400,20,1
1623816000,24,19
1623819600,68,9
1623823200,14,6
1623826800,33,5
1623830400,74,14
1623834000,56,3
1623837600,41,2
1623841200,80,1
1623844800,55,14
1623848400,50,8
1623852000,52,5
1623855600,52,13
1623859200,49,9
1623862800,75,20
1623866400,37,1
1623870000,72,15
1623873600,90,10
1623877200,87,11
1623880800,34,16
1623884400,37,0
1623888000,32,17
1623891600,11,4
1623895200,85,5
1623898800,34,8
1623902400,54,20
1623906000,94,13
1623909600,57,12
1623913200,46,7
1623916800,91,11
1623920400,42,20
1623924000,53,5
1623927600,86,7
1623931200,93,15
1623934800,40,7
1623938400,68,10
1623942000,87,13
1623945600,39,10
1623949200,82,3
1623952800,24,18
1623956400,44,11
1623960000,68,2
1623963600,29,20
1623967200,11,2
1623970800,88,12
1623974400,24,11
1623978000,31,2
1623981600,67,1
1623985200,32,8
1623988800,76,5
1623992400,63,1
1623996000,21,0
1623999600,77,0
1624003200,73,6
1624006800,49,0
1624010400,21,13
1624014000,47,19
1624017600,29,11
1624021200,20,6
1624024800,73,0
1624028400,74,4
1624032000,79,4
1624035600,76,3
1624039200,66,16
1624042800,70,18
1624046400,15,2
1624050000,45,13
1624053600,30,9
1624057200,73,11
1624060800,71,16
1624064400,72,18
1624068000,91,19
1624071600,42,20
1624075200,29,10
1624078800,10,1
1624082400,52,19
1624086000,34,19
1624089600,77,12
1624093200,39,5
1624096800,14,9
1624100400,82,2
1624104000,68,20
1624107600,82,12
1624111200,9,7
1624114800,57,0
1624118400,54,9
1624122000,10,4
1624125600,78,11
1624129200,66,16
1624132800,19,7
1624136400,34,10
1624140000,55,20
1624143600,22,5
1624147200,92,9
1624150800,93,14
1624154400,38,10
1624158000,27,5
1624161600,53,9
1624165200,34,15
1624168800,57,15
1624172400,89,14
1624176000,51,10
1624179600,19,7
1624183200,81,0
1624186800,26,20
1624190400,60,15
1624194000,79,9
1624197600,80,16
1624201200,62,0
1624204800,56,20
1624208400,21,17
1624212000,26,7
1624215600,25,16
1624219200,65,16
1624222800,69,10
1624226400,17,2
1624230000,45,9
1624233600,52,2
1624237200,67,10
1624240800,75,15
1624244400,38,7
1624248000,86,17
1624251600,67,0
1624255200,63,6
1624258800,21,13
1624262400,84,12
1624266000,73,12
1624269600,85,8
1624273200,21,15
1624276800,59,13
1624280400,26,13
1624284000,34,7
1624287600,61,4
1624291200,27,16
1624294800,47,9
1624298400,85,1
1624302000,49,19
1624305600,15,8
1624309200,74,5
1624312800,84,19
1624316400,71,17
1624320000,81,2
1624323600,37,6
1624327200,43,11
1624330800,25,13
1624334400,64,4
1624338000,64,16
1624341600,60,3
1624345200,83,18
1624348800,45,9
1624352400,69,5
1624356000,94,20
1624359600,45,3
1624363200,34,20
1624366800,44,19
1624370400,53,4
1624374000,24,5
1624377600,43,19
1624381200,25,15
1624384800,24,9
1624388400,75,8
1624392000,37,9
1624395600,76,1
1624399200,87,19
1624402800,28,7
1624406400,88,2
1624410000,31,14
1624413600,56,14
1624417200,53,5
1624420800,28,3
1624424400,66,9
1624428000,76,14
1624431600,79,11
1624435200,46,1
1624438800,52,15
1624442400,73,11
1624446000,94,0
1624449600,67,3
1624453200,62,8
1624456800,50,20
1624460400,25,5
1624464000,61,3
1624467600,86,20
1624471200,54,13
1624474800,77,9
1624478400,62,4
1624482000,61,0
1624485600,76,10
1624489200,78,4
1624492800,58,14
1624496400,65,20
1624500000,12,1
1624503600,9,1
1624507200,23,20
1624510800,11,4
1624514400,47,19
1624518000,71,17
1624521600,35,5
1624525200,50,16
1624528800,17,16
1624532400,32,12
1624536000,6,0
1624539600,61,16
1624543200,86,0
1624546800,94,17
1624550400,75,16
1624554000,65,18
1624557600,92,12
1624561200,28,20
1624564800,54,1
1624568400,46,7
1624572000,27,8
1624575600,79,19
1624579200,60,17
1624582800,43,6
1624586400,18,17
1624590000,89,10
1624593600,39,6
1624597200,4,2
1624600800,83,0
1624604400,90,20
1624608000,35,11
1624611600,55,11
1624615200,12,11
1624618800,21,9
1624622400,13,9
1624626000,52,10
1624629600,32,18
1624633200,38,5
1624636800,39,2
1624640400,15,2
1624644000,72,4
1624647600,28,13
1624651200,48,12
1624654800,94,15
1624658400,89,11
1624662000,87,7
1624665600,84,6
1624669200,57,20
1624672800,6,6
1624676400,16,7
1624680000,94,2
1624683600,61,8
1624687200,6,2
1624690800,88,7
1624694400,53,0
1624698000,58,19
1624701600,30,17
1624705200,29,13
1624708800,92,3
1624712400,31,0
1624716000,68,18
1624719600,88,10
1624723200,20,3
1624726800,40,19
1624730400,62,14
1624734000,23,1
1624737600,91,18
1624741200,87,9
1624744800,50,0
1624748400,59,19
1624752000,2,2
1624755600,79,3
1624759200,92,4
1624762800,49,4
1624766400,52,19
1624770000,68,16
1624773600,48,10
1624777200,47,18
1624780800,19,14
1624784400,94,18
1624788000,37,17
1624791600,53,1
1624795200,58,4
1624798800,59,7
1624802400,10,4
1624806000,4,1
1624809600,56,19
1624813200,71,0
1624816800,60,14
1624820400,7,7
1624824000,41,8
1624827600,24,6
1624831200,62,7
1624834800,69,7
1624838400,63,19
1624842000,11,5
1624845600,51,20
1624849200,91,4
1624852800,81,13
1624856400,6,2
1624860000,91,15
1624863600,28,20
1624867200,83,3
1624870800,66,15
1624874400,47,4
1624878000,81,7
1624881600,25,0
1624885200,31,8
1624888800,30,14
1624892400,66,5
1624896000,65,15
1624899600,81,2
1624903200,93,15
1624906800,80,15
1624910400,18,17
1624914000,62,0
1624917600,74,19
1624921200,9,1
1624924800,92,17
1624928400,31,15
1624932000,39,14
1624935600,82,11
1624939200,20,10
1624942800,21,20
1624946400,95,9
1624950000,61,13
1624953600,75,11
1624957200,25,17
1624960800,49,19
1624964400,51,9
1624968000,84,5
1624971600,51,4
1624975200,90,8
1624978800,62,1
1624982400,66,20
1624986000,49,4
1624989600,71,11
1624993200,9,2
1624996800,15,10
1625000400,5,1
