timestamp,type,status,amount
1609448400,2,5,112984
1609452000,2,2,80622
1609455600,1,3,120027
1609459200,2,3,70628
1609462800,1,2,92409
1609466400,3,1,83254
1609470000,3,5,94022
1609473600,1,2,82816
1609477200,2,1,98934
1609480800,1,3,82303
1609484400,2,3,91944
1609488000,1,5,129628
1609491600,1,4,120745
1609495200,1,2,101367
1609498800,3,2,73595
1609502400,2,3,83650
1609506000,3,4,70204
1609509600,2,3,105943
1609513200,3,2,102015
1609516800,2,4,73290
1609520400,2,1,117377
1609524000,1,0,131108
1609527600,3,5,120111
1609531200,3,4,100859
1609534800,2,6,74954
1609538400,1,6,87764
1609542000,3,5,128855
1609545600,3,4,70191
1609549200,3,1,119900
1609552800,3,0,96139
1609556400,3,5,112299
1609560000,1,0,122475
1609563600,2,4,65914
1609567200,1,3,100664
1609570800,3,4,118060
1609574400,2,1,127459
1609578000,1,4,126177
1609581600,2,2,125182
1609585200,2,0,93636
1609588800,3,6,102856
1609592400,1,2,103971
1609596000,2,3,85470
1609599600,1,5,111447
1609603200,2,5,67916
1609606800,1,4,94266
1609610400,1,1,84799
1609614000,3,6,67829
1609617600,2,4,103462
1609621200,2,4,100829
1609624800,2,5,96411
1609628400,3,0,87759
1609632000,2,6,71280
1609635600,1,0,130061
1609639200,1,1,66332
1609642800,3,4,74407
1609646400,3,2,125786
1609650000,3,5,111423
1609653600,3,3,122356
1609657200,3,4,125321
1609660800,2,4,81326
1609664400,1,3,104128
1609668000,1,4,119419
1609671600,1,1,70379
1609675200,2,4,126581
1609678800,3,2,126240
1609682400,1,2,111681
1609686000,3,1,79190
1609689600,1,1,89408
1609693200,2,2,98426
1609696800,3,5,68706
1609700400,2,1,103207
1609704000,3,4,109088
1609707600,1,3,68366
1609711200,3,6,120307
1609714800,1,6,108298
1609718400,2,2,88789
1609722000,1,0,81043
1609725600,1,3,77151
1609729200,2,2,87323
1609732800,1,2,71013
1609736400,1,3,97015
1609740000,1,0,121917
1609743600,3,0,103341
1609747200,3,3,88297
1609750800,3,3,95098
1609754400,3,1,104896
1609758000,2,4,129821
1609761600,3,4,94689
1609765200,2,2,101554
1609768800,1,1,89128
1609772400,3,3,128638
1609776000,1,6,127402
1609779600,1,2,73666
1609783200,3,2,65629
1609786800,2,2,126416
1609790400,2,0,119821
1609794000,3,1,91989
1609797600,1,4,112012
1609801200,1,2,110406
1609804800,2,5,109860
1609808400,3,2,85828
1609812000,3,2,103697
1609815600,1,4,75747
1609819200,2,6,98163
1609822800,3,1,122160
1609826400,1,5,97146
1609830000,1,1,74091
1609833600,2,0,123940
1609837200,2,4,99315
1609840800,1,3,77439
1609844400,3,3,101709
1609848000,1,2,100048
1609851600,3,2,90918
1609855200,3,3,84407
1609858800,3,2,130993
1609862400,3,0,91047
1609866000,2,3,97282
1609869600,3,3,82711
1609873200,1,2,76487
1609876800,3,0,104426
1609880400,3,6,96766
1609884000,1,1,78690
1609887600,1,3,112066
1609891200,1,2,73749
1609894800,3,4,122824
1609898400,3,4,113060
1609902000,3,2,108943
1609905600,2,0,99006
1609909200,2,6,129727
1609912800,1,1,104499
1609916400,2,2,77849
1609920000,2,0,97787
1609923600,2,0,98917
1609927200,2,0,119170
1609930800,2,1,97818
1609934400,3,1,81285
1609938000,2,0,73462
1609941600,2,1,72704
1609945200,1,2,71778
1609948800,2,4,104463
1609952400,3,6,68905
1609956000,1,4,77117
1609959600,3,6,87772
1609963200,2,1,126253
1609966800,2,0,80157
1609970400,3,2,108296
1609974000,2,6,66989
1609977600,3,6,91538
1609981200,1,1,85362
1609984800,3,4,69612
1609988400,3,3,72977
1609992000,3,4,126688
1609995600,1,5,84907
1609999200,1,4,87519
1610002800,1,1,77100
1610006400,1,1,73020
1610010000,3,0,84883
1610013600,1,5,128380
1610017200,1,0,67787
1610020800,1,0,126287
1610024400,1,2,108015
1610028000,2,1,101121
1610031600,1,4,89736
1610035200,1,6,79525
1610038800,1,3,113920
1610042400,3,3,121648
1610046000,3,0,128659
1610049600,1,1,94759
1610053200,1,4,130672
1610056800,3,5,73447
1610060400,2,6,65567
1610064000,1,4,100200
1610067600,1,4,95573
1610071200,1,5,73922
1610074800,2,3,85762
1610078400,2,0,117996
1610082000,2,0,109830
1610085600,3,6,100635
1610089200,1,2,106213
1610092800,2,3,108471
1610096400,2,1,83767
1610100000,1,4,122696
1610103600,3,2,99702
1610107200,2,5,89591
1610110800,1,5,114347
1610114400,1,1,92179
1610118000,1,1,123927
1610121600,3,5,97664
1610125200,3,5,66033
1610128800,3,3,69204
1610132400,3,1,92091
1610136000,3,4,83817
1610139600,2,5,69766
1610143200,2,4,112059
1610146800,1,2,121127
1610150400,2,6,107437
1610154000,2,4,89180
1610157600,2,2,74045
1610161200,1,2,70851
1610164800,2,3,117018
1610168400,1,6,116899
1610172000,1,2,108446
1610175600,3,2,78202
1610179200,2,4,104325
1610182800,2,6,81444
1610186400,3,0,95422
1610190000,1,4,95163
1610193600,3,1,69526
1610197200,2,4,71127
1610200800,2,0,75005
1610204400,1,6,124095
1610208000,3,5,67436
1610211600,2,5,93462
1610215200,2,2,67146
1610218800,1,5,78180
1610222400,1,4,109738
1610226000,2,6,122827
1610229600,1,2,99999
1610233200,3,5,111303
1610236800,3,0,119317
1610240400,1,5,89791
1610244000,1,0,114916
1610247600,1,1,109417
1610251200,1,6,77526
1610254800,1,3,121200
1610258400,3,3,71403
1610262000,1,6,91109
1610265600,2,0,72687
1610269200,2,1,90285
1610272800,2,0,73379
1610276400,2,3,73451
1610280000,3,2,103947
1610283600,3,0,114420
1610287200,1,2,79619
1610290800,1,2,66049
1610294400,3,1,117338
1610298000,3,3,66459
1610301600,2,5,102033
1610305200,1,0,96776
1610308800,1,2,83997
1610312400,3,0,100883
1610316000,2,2,130156
1610319600,2,2,118279
1610323200,1,0,110697
1610326800,2,5,81302
1610330400,1,5,70457
1610334000,2,5,122363
1610337600,2,5,125120
1610341200,3,3,113190
1610344800,1,1,66704
1610348400,2,2,94879
1610352000,1,6,128616
1610355600,1,6,86021
1610359200,2,4,104329
1610362800,2,3,91976
1610366400,2,3,76907
1610370000,3,3,120426
1610373600,2,3,89114
1610377200,3,2,121396
1610380800,3,6,72829
1610384400,2,4,72329
1610388000,3,4,100092
1610391600,2,5,118693
1610395200,1,4,121579
1610398800,3,1,74713
1610402400,1,2,120085
1610406000,3,0,130101
1610409600,2,5,105686
1610413200,3,6,121256
1610416800,1,3,66577
1610420400,2,3,119101
1610424000,3,2,117266
1610427600,3,3,125692
1610431200,3,3,93565
1610434800,3,3,66048
1610438400,2,0,114343
1610442000,3,2,84379
1610445600,2,2,88420
1610449200,1,5,120412
1610452800,3,3,96735
1610456400,1,5,111913
1610460000,2,6,91733
1610463600,1,6,99276
1610467200,1,1,89389
1610470800,2,2,128584
1610474400,2,4,74108
1610478000,1,2,68606
1610481600,2,4,129049
1610485200,2,0,82104
1610488800,3,4,114905
1610492400,3,2,65554
1610496000,3,3,110035
1610499600,3,4,113713
1610503200,2,0,91826
1610506800,2,1,72698
1610510400,3,2,120943
1610514000,1,6,66481
1610517600,3,2,122668
1610521200,1,1,77309
1610524800,3,6,69277
1610528400,2,5,109814
1610532000,2,4,73093
1610535600,1,4,114399
1610539200,2,5,96977
1610542800,3,5,76576
1610546400,1,0,119344
1610550000,2,0,66977
1610553600,3,2,69592
1610557200,1,6,112155
1610560800,3,1,118268
1610564400,3,2,81210
1610568000,2,2,112997
1610571600,3,6,108552
1610575200,2,4,101615
1610578800,2,4,78120
1610582400,2,1,128833
1610586000,3,6,103334
1610589600,1,3,125766
1610593200,2,3,128368
1610596800,3,6,89789
1610600400,2,4,125036
1610604000,1,1,92651
1610607600,1,6,75053
1610611200,3,4,82500
1610614800,3,1,75646
1610618400,2,4,89371
1610622000,1,6,75525
1610625600,2,4,72972
1610629200,2,0,90726
1610632800,3,3,112840
1610636400,2,1,105138
1610640000,1,2,111897
1610643600,2,0,92554
1610647200,1,4,106174
1610650800,3,4,80642
1610654400,1,5,120353
1610658000,2,6,82204
1610661600,1,5,126628
1610665200,1,5,126408
1610668800,3,3,117961
1610672400,1,2,88384
1610676000,3,0,81068
1610679600,3,2,77838
1610683200,3,0,83791
1610686800,2,3,69371
1610690400,1,0,112798
1610694000,3,6,70258
1610697600,1,6,83105
1610701200,2,4,70096
1610704800,2,5,104263
1610708400,2,5,68385
1610712000,3,6,115317
1610715600,2,2,113182
1610719200,2,3,99215
1610722800,3,5,90380
1610726400,1,4,86588
1610730000,2,1,83954
1610733600,3,2,120187
1610737200,1,6,99166
1610740800,1,2,84000
1610744400,2,3,84076
1610748000,2,5,73357
1610751600,1,3,125924
1610755200,1,4,71883
1610758800,2,2,83147
1610762400,2,2,98984
1610766000,3,0,80858
1610769600,1,2,100872
1610773200,2,6,126764
1610776800,2,1,77931
1610780400,2,2,72435
1610784000,3,1,95206
1610787600,1,1,68421
1610791200,2,4,87535
1610794800,2,5,105167
1610798400,3,5,97434
1610802000,3,2,101397
1610805600,1,0,121778
1610809200,3,0,72590
1610812800,2,6,89668
1610816400,2,3,80465
1610820000,1,4,103265
1610823600,2,6,114494
1610827200,2,4,96162
1610830800,3,4,109666
1610834400,1,1,86494
1610838000,1,3,130854
1610841600,1,5,112372
1610845200,2,5,103216
1610848800,1,2,109299
1610852400,2,5,111166
1610856000,1,6,89438
1610859600,2,4,117574
1610863200,3,2,86768
1610866800,1,5,69004
1610870400,1,5,109612
1610874000,2,5,110766
1610877600,1,2,115506
1610881200,2,3,93531
1610884800,3,1,68150
1610888400,3,6,89677
1610892000,2,0,116892
1610895600,3,0,124028
1610899200,1,1,103771
1610902800,2,3,78118
1610906400,3,2,114420
1610910000,1,0,113299
1610913600,2,2,100417
1610917200,2,6,104296
1610920800,3,2,121791
1610924400,1,5,83679
1610928000,2,3,125962
1610931600,1,5,89458
1610935200,3,2,126682
1610938800,3,3,126784
1610942400,1,1,106178
1610946000,1,5,113539
1610949600,1,0,82911
1610953200,1,5,116567
1610956800,3,6,93195
1610960400,2,5,84277
1610964000,3,6,125241
1610967600,1,1,108717
1610971200,2,2,124662
1610974800,3,6,118469
1610978400,1,1,93607
1610982000,2,4,121870
1610985600,3,5,117216
1610989200,3,0,91695
1610992800,1,2,128739
1610996400,1,2,71970
1611000000,2,6,76805
1611003600,2,4,118760
1611007200,2,0,69619
1611010800,1,2,88690
1611014400,3,0,122917
1611018000,1,5,117630
1611021600,1,0,92873
1611025200,1,5,111245
1611028800,3,5,80234
1611032400,3,3,83812
1611036000,3,4,74486
1611039600,2,1,74763
1611043200,3,5,98366
1611046800,2,3,113084
1611050400,3,5,104329
1611054000,1,5,85025
1611057600,3,4,92973
1611061200,1,6,117831
1611064800,3,5,107074
1611068400,2,2,116081
1611072000,2,4,70236
1611075600,3,4,122601
1611079200,3,5,91728
1611082800,1,6,119897
1611086400,3,4,128767
1611090000,3,5,118691
1611093600,2,3,97884
1611097200,1,5,128226
1611100800,1,6,94401
1611104400,3,2,87331
1611108000,1,4,113450
1611111600,3,0,118390
1611115200,3,1,117457
1611118800,3,2,114733
1611122400,3,4,95455
1611126000,3,0,79084
1611129600,3,5,117714
1611133200,2,5,69490
1611136800,1,0,111395
1611140400,1,6,126853
1611144000,3,4,96221
1611147600,1,0,94086
1611151200,3,4,129676
1611154800,3,0,66627
1611158400,3,4,83762
1611162000,3,5,88600
1611165600,1,5,128349
1611169200,1,5,71454
1611172800,2,2,129201
1611176400,1,5,70380
1611180000,2,3,114729
1611183600,1,3,97755
1611187200,1,3,114444
1611190800,1,3,77230
1611194400,1,4,116313
1611198000,2,4,87812
1611201600,1,3,110521
1611205200,3,1,85512
1611208800,2,3,103195
1611212400,2,5,88878
1611216000,1,2,102276
1611219600,3,6,77546
1611223200,3,2,105463
1611226800,3,6,68753
1611230400,3,0,120171
1611234000,3,4,120443
1611237600,2,1,83116
1611241200,2,3,88087
1611244800,3,5,101391
1611248400,1,6,75534
1611252000,3,4,127268
1611255600,3,4,90368
1611259200,1,1,86739
1611262800,2,6,125086
1611266400,1,1,92743
1611270000,3,6,73572
1611273600,2,2,90638
1611277200,2,0,103198
1611280800,3,0,117171
1611284400,3,4,130585
1611288000,3,1,110364
1611291600,2,6,77983
1611295200,1,0,93381
1611298800,3,6,101908
1611302400,2,3,87542
1611306000,2,5,90857
1611309600,2,3,68494
1611313200,1,0,131075
1611316800,2,4,91463
1611320400,3,2,118593
1611324000,3,1,66612
1611327600,3,6,103536
1611331200,3,2,72181
1611334800,3,1,78111
1611338400,1,2,124545
1611342000,3,1,124642
1611345600,1,0,77873
1611349200,2,3,122892
1611352800,1,3,113057
1611356400,2,2,122141
1611360000,2,6,84306
1611363600,3,5,89000
1611367200,2,2,95420
1611370800,3,4,86849
1611374400,2,0,122838
1611378000,2,1,127038
1611381600,2,5,69566
1611385200,2,6,106798
1611388800,2,5,107203
1611392400,1,2,112217
1611396000,3,6,93532
1611399600,3,5,85777
1611403200,2,2,101398
1611406800,3,4,102603
1611410400,1,1,87847
1611414000,1,0,117053
1611417600,3,0,101787
1611421200,1,1,120845
1611424800,1,6,70573
1611428400,3,6,70254
1611432000,1,3,107307
1611435600,2,3,106971
1611439200,2,6,107246
1611442800,3,4,114777
1611446400,3,0,76502
1611450000,3,1,79149
1611453600,2,1,105986
1611457200,2,5,113913
1611460800,1,6,74249
1611464400,2,0,72434
1611468000,2,1,99435
1611471600,2,2,98186
1611475200,2,0,119868
1611478800,3,3,101010
1611482400,2,3,90644
1611486000,3,2,108153
1611489600,1,3,121683
1611493200,2,5,97345
1611496800,2,0,76402
1611500400,2,6,100521
1611504000,3,4,112827
1611507600,2,3,75680
1611511200,1,3,102675
1611514800,1,4,98400
1611518400,1,6,127642
1611522000,3,6,119355
1611525600,2,3,87139
1611529200,2,1,94963
1611532800,3,1,94581
1611536400,1,3,128948
1611540000,2,4,126946
1611543600,1,6,130344
1611547200,3,4,77023
1611550800,3,6,102046
1611554400,1,1,95664
1611558000,1,6,96560
1611561600,3,0,80429
1611565200,1,6,125640
1611568800,2,3,73458
1611572400,1,4,91590
1611576000,3,4,65859
1611579600,1,1,85602
1611583200,3,0,79913
1611586800,3,6,130841
1611590400,1,3,87151
1611594000,1,4,122742
1611597600,2,0,83321
1611601200,1,3,90672
1611604800,3,6,110966
1611608400,3,0,79233
1611612000,2,6,96095
1611615600,2,6,105288
1611619200,2,3,79036
1611622800,1,0,120115
1611626400,2,0,119916
1611630000,3,3,112825
1611633600,1,6,114744
1611637200,3,5,119558
1611640800,2,6,80857
1611644400,2,5,65604
1611648000,2,3,99293
1611651600,1,5,74141
1611655200,1,3,130794
1611658800,2,6,101346
1611662400,3,6,98145
1611666000,2,4,75481
1611669600,1,0,130015
1611673200,3,4,117648
1611676800,3,1,116001
1611680400,3,2,77561
1611684000,3,0,83817
1611687600,2,0,69456
1611691200,3,1,82262
1611694800,3,3,98694
1611698400,3,4,118420
1611702000,2,6,97417
1611705600,1,4,120610
1611709200,1,2,129946
1611712800,2,5,122844
1611716400,1,4,68896
1611720000,2,6,85356
1611723600,2,3,89025
1611727200,2,3,91939
1611730800,2,3,69677
1611734400,2,1,66619
1611738000,2,0,109427
1611741600,2,2,76196
1611745200,3,2,81773
1611748800,2,1,104342
1611752400,2,3,93587
1611756000,3,3,77294
1611759600,2,6,89220
1611763200,2,1,100051
1611766800,2,0,109409
1611770400,2,3,115184
1611774000,2,5,84350
1611777600,3,1,92489
1611781200,2,3,72807
1611784800,1,3,105133
1611788400,1,5,70741
1611792000,3,0,85212
1611795600,2,6,90988
1611799200,2,2,119707
1611802800,1,5,84541
1611806400,3,1,84284
1611810000,1,6,68264
1611813600,3,2,106282
1611817200,1,2,74018
1611820800,1,3,73800
1611824400,2,5,125019
1611828000,2,0,99761
1611831600,2,3,73282
1611835200,3,5,79273
1611838800,2,4,68298
1611842400,2,0,110136
1611846000,1,0,74596
1611849600,2,6,98925
1611853200,1,6,100428
1611856800,2,4,85142
1611860400,1,5,91872
1611864000,2,0,72833
1611867600,1,2,77702
1611871200,2,5,119963
1611874800,2,3,102856
1611878400,2,1,125692
1611882000,1,4,117045
1611885600,2,0,113247
1611889200,2,5,113533
1611892800,2,5,97457
1611896400,3,3,94415
1611900000,1,5,109613
1611903600,2,2,124807
1611907200,2,4,72094
1611910800,3,2,88801
1611914400,1,6,128294
1611918000,1,6,78049
1611921600,1,1,72067
1611925200,1,3,75257
1611928800,2,1,96101
1611932400,3,1,115145
1611936000,3,6,116036
1611939600,2,2,67361
1611943200,2,1,108141
1611946800,3,6,110638
1611950400,1,1,87815
1611954000,3,6,101789
1611957600,3,6,68265
1611961200,1,4,113989
1611964800,3,3,76941
1611968400,1,5,108001
1611972000,3,4,92032
1611975600,1,1,74249
1611979200,3,2,94537
1611982800,3,0,103767
1611986400,3,6,73622
1611990000,1,0,91977
1611993600,3,3,79067
1611997200,3,3,110320
1612000800,3,6,130178
1612004400,3,0,77207
1612008000,3,6,101361
1612011600,1,5,77522
1612015200,2,6,75164
1612018800,3,6,118361
1612022400,2,0,126822
1612026000,2,6,107871
1612029600,1,0,91536
1612033200,2,3,122269
1612036800,3,0,106233
1612040400,1,2,101713
1612044000,1,3,92680
1612047600,1,2,129634
1612051200,2,6,72926
1612054800,1,4,96435
1612058400,3,3,113988
1612062000,3,1,109945
1612065600,3,2,120560
1612069200,2,4,82925
1612072800,2,2,73211
1612076400,3,1,102823
1612080000,3,2,110671
1612083600,3,4,123250
1612087200,1,0,73435
1612090800,3,3,66066
1612094400,3,1,129173
1612098000,3,4,101648
1612101600,1,1,85772
1612105200,3,0,84875
1612108800,2,2,78103
1612112400,2,5,92179
1612116000,3,5,73139
1612119600,3,2,84524
1612123200,1,3,72685
1612126800,2,6,102686
1612130400,2,3,96077
1612134000,1,3,114145
1612137600,3,0,95669
1612141200,1,2,94367
1612144800,3,5,101336
1612148400,3,4,91636
1612152000,1,3,101444
1612155600,2,0,119985
1612159200,1,6,107802
1612162800,3,5,110203
1612166400,1,1,82251
1612170000,2,2,100114
1612173600,3,5,76929
1612177200,1,1,95438
1612180800,3,3,69475
1612184400,2,4,72351
1612188000,3,3,131154
1612191600,3,4,94108
1612195200,3,5,84563
1612198800,2,3,72500
1612202400,3,2,86167
1612206000,3,6,123565
1612209600,3,0,117250
1612213200,3,4,125378
1612216800,2,2,129368
1612220400,2,6,103868
1612224000,3,1,75523
1612227600,2,2,89853
1612231200,2,2,127929
1612234800,1,6,93344
1612238400,3,3,116603
1612242000,1,6,96973
1612245600,2,0,83063
1612249200,3,2,67087
1612252800,1,0,77877
1612256400,3,1,113313
1612260000,2,6,68223
1612263600,2,0,71870
1612267200,2,3,75148
1612270800,1,2,82403
1612274400,1,5,110585
1612278000,3,6,100571
1612281600,2,2,86939
1612285200,3,0,119003
1612288800,1,6,85189
1612292400,3,3,120710
1612296000,2,4,73391
1612299600,3,3,92003
1612303200,1,0,84045
1612306800,1,3,96263
1612310400,3,2,97702
1612314000,1,6,71073
1612317600,3,2,102125
1612321200,3,2,83580
1612324800,1,4,102998
1612328400,2,5,120655
1612332000,3,6,109247
1612335600,2,2,78760
1612339200,3,0,119149
1612342800,3,6,85695
1612346400,1,1,109764
1612350000,2,4,100947
1612353600,3,6,90682
1612357200,2,4,96496
1612360800,2,5,82023
1612364400,1,0,125239
1612368000,2,0,77012
1612371600,3,4,71303
1612375200,3,4,114447
1612378800,1,5,112499
1612382400,3,6,82326
1612386000,3,1,96696
1612389600,2,4,87088
1612393200,2,3,74904
1612396800,1,6,113613
1612400400,1,6,81391
1612404000,2,2,99051
1612407600,1,0,70892
1612411200,3,0,99218
1612414800,2,5,88782
1612418400,1,2,80512
1612422000,2,4,68656
1612425600,1,6,114187
1612429200,2,1,122421
1612432800,2,4,73482
1612436400,2,1,70471
1612440000,2,0,130588
1612443600,3,6,72915
1612447200,1,0,107587
1612450800,3,2,81105
1612454400,2,2,117185
1612458000,2,4,118579
1612461600,1,1,92980
1612465200,1,1,131172
1612468800,1,5,122640
1612472400,2,3,111589
1612476000,2,2,130005
1612479600,3,1,75606
1612483200,2,4,95636
1612486800,1,1,97531
1612490400,3,0,128253
1612494000,2,1,101037
1612497600,2,4,74761
1612501200,3,4,98696
1612504800,3,1,126774
1612508400,1,3,93315
1612512000,1,2,79812
1612515600,1,3,119779
1612519200,1,2,77099
1612522800,2,0,126927
1612526400,2,5,113117
1612530000,2,0,126482
1612533600,2,1,66587
1612537200,3,0,103156
1612540800,2,5,106365
1612544400,3,1,101677
1612548000,2,0,66310
1612551600,2,5,93033
1612555200,3,4,123590
1612558800,1,0,68758
1612562400,1,4,75381
1612566000,3,2,119269
1612569600,1,5,84272
1612573200,3,6,73674
1612576800,1,6,77272
1612580400,1,2,86534
1612584000,2,2,81876
1612587600,3,0,117567
1612591200,3,4,72403
1612594800,2,4,107759
1612598400,2,2,96637
1612602000,2,5,129472
1612605600,2,1,100291
1612609200,2,2,83956
1612612800,1,5,85910
1612616400,1,6,119270
1612620000,2,5,118462
1612623600,2,1,87561
1612627200,3,6,118728
1612630800,3,5,119972
1612634400,1,0,114764
1612638000,2,5,85048
1612641600,1,1,119489
1612645200,1,2,87864
1612648800,2,0,93429
1612652400,1,2,73459
1612656000,3,5,91813
1612659600,1,4,111346
1612663200,1,3,66201
1612666800,3,4,97585
1612670400,2,6,125568
1612674000,1,1,111875
1612677600,3,2,110238
1612681200,1,5,73757
1612684800,1,3,76207
1612688400,1,2,91405
1612692000,2,1,112631
1612695600,3,1,118306
1612699200,3,3,84625
1612702800,3,2,122010
1612706400,1,4,65572
1612710000,1,0,87888
1612713600,3,6,73500
1612717200,2,5,95083
1612720800,1,5,95218
1612724400,1,4,104482
1612728000,1,3,128488
1612731600,3,2,88889
1612735200,1,2,73347
1612738800,2,4,69417
1612742400,1,1,83416
1612746000,1,2,71217
1612749600,2,1,80049
1612753200,1,1,88029
1612756800,2,5,127686
1612760400,3,3,85437
1612764000,1,0,128199
1612767600,2,6,123257
1612771200,3,3,78503
1612774800,2,0,87956
1612778400,1,0,90311
1612782000,3,4,69762
1612785600,2,5,72649
1612789200,1,5,105755
1612792800,2,4,111663
1612796400,1,0,128762
1612800000,1,3,117285
1612803600,2,0,124327
1612807200,3,4,99101
1612810800,2,2,126335
1612814400,3,1,93308
1612818000,2,6,103614
1612821600,2,3,103767
1612825200,3,4,129450
1612828800,2,6,89136
1612832400,1,6,95662
1612836000,1,1,94619
1612839600,3,2,111040
1612843200,3,2,130359
1612846800,3,4,67032
1612850400,1,3,121851
1612854000,2,0,105586
1612857600,3,2,127472
1612861200,2,5,98468
1612864800,2,3,106704
1612868400,1,2,83056
1612872000,2,3,130580
1612875600,1,3,125228
1612879200,2,6,76603
1612882800,1,0,101228
1612886400,3,5,90248
1612890000,1,2,96156
1612893600,2,6,112979
1612897200,3,1,92393
1612900800,3,5,92134
1612904400,2,1,92693
1612908000,1,6,119377
1612911600,2,6,130581
1612915200,1,4,81539
1612918800,2,4,109373
1612922400,3,1,67770
1612926000,1,6,115776
1612929600,1,6,66842
1612933200,2,1,107989
1612936800,1,1,78502
1612940400,3,1,67619
1612944000,2,3,95265
1612947600,3,6,86966
1612951200,2,4,126145
1612954800,3,5,70514
1612958400,2,3,118480
1612962000,2,3,129446
1612965600,2,5,67626
1612969200,1,2,126229
1612972800,1,6,75640
1612976400,2,4,88301
1612980000,1,0,78178
1612983600,3,6,72394
1612987200,1,0,102925
1612990800,3,3,105000
1612994400,1,1,86593
1612998000,2,1,127852
1613001600,1,1,100406
1613005200,1,2,117334
1613008800,1,1,129655
1613012400,1,0,98332
1613016000,3,1,78239
1613019600,3,1,85299
1613023200,1,2,118920
1613026800,2,0,129468
1613030400,2,3,95143
1613034000,3,1,73615
1613037600,1,6,115124
1613041200,3,2,117421
1613044800,3,6,122959
1613048400,3,6,106784
1613052000,3,5,70981
1613055600,2,6,72997
1613059200,2,2,68624
1613062800,1,5,118472
1613066400,3,4,123963
1613070000,1,3,110324
1613073600,1,6,93345
1613077200,3,3,113035
1613080800,1,1,126531
1613084400,1,1,116219
1613088000,1,5,94664
1613091600,1,6,112426
1613095200,2,1,72808
1613098800,3,6,78836
1613102400,1,6,66420
1613106000,1,0,122253
1613109600,3,0,101540
1613113200,1,0,114989
1613116800,2,2,72923
1613120400,2,0,105098
1613124000,1,0,85319
1613127600,2,1,81725
1613131200,3,4,114078
1613134800,3,4,66569
1613138400,2,6,68768
1613142000,1,5,84645
1613145600,1,0,84359
1613149200,2,3,89781
1613152800,1,4,76958
1613156400,3,4,75596
1613160000,2,4,116742
1613163600,1,0,74568
1613167200,3,5,87808
1613170800,3,0,121631
1613174400,2,3,69982
1613178000,2,1,112361
1613181600,1,6,68928
1613185200,2,6,116282
1613188800,2,6,115214
1613192400,1,3,116518
1613196000,1,0,105241
1613199600,3,1,100309
1613203200,3,5,93176
1613206800,3,2,118833
1613210400,2,1,87024
1613214000,3,1,102189
1613217600,3,2,79570
1613221200,3,5,93090
1613224800,1,3,88646
1613228400,3,5,129061
1613232000,1,3,122624
1613235600,2,2,116835
1613239200,2,2,89966
1613242800,1,0,90557
1613246400,3,6,109442
1613250000,1,5,84216
1613253600,3,6,127343
1613257200,1,2,126372
1613260800,1,2,105548
1613264400,3,6,66093
1613268000,1,0,121622
1613271600,3,4,78312
1613275200,3,0,114388
1613278800,2,6,120847
1613282400,1,4,115866
1613286000,1,3,65972
1613289600,1,2,121548
1613293200,3,1,106590
1613296800,3,6,71846
1613300400,2,6,77195
1613304000,1,6,125500
1613307600,3,6,125191
1613311200,3,6,111041
1613314800,1,5,72773
1613318400,1,3,101602
1613322000,3,0,77542
1613325600,1,2,75165
1613329200,1,0,98306
1613332800,2,0,119082
1613336400,3,6,112484
1613340000,3,2,86601
1613343600,1,6,116039
1613347200,2,1,93105
1613350800,1,4,97665
1613354400,2,1,89104
1613358000,3,3,73408
1613361600,3,1,96977
1613365200,1,1,118062
1613368800,2,2,66226
1613372400,2,6,112754
1613376000,3,4,89012
1613379600,3,1,78803
1613383200,3,1,67186
1613386800,2,1,92812
1613390400,3,3,117637
1613394000,3,0,126354
1613397600,3,4,109198
1613401200,2,6,122182
1613404800,2,2,75086
1613408400,2,5,95294
1613412000,1,3,101109
1613415600,3,3,76659
1613419200,1,3,109315
1613422800,2,0,113310
1613426400,2,0,95881
1613430000,3,2,110610
1613433600,3,0,86349
1613437200,3,4,115883
1613440800,1,1,100706
1613444400,3,5,122084
1613448000,1,2,95689
1613451600,1,2,70306
1613455200,1,0,96438
1613458800,1,6,70381
1613462400,1,6,79699
1613466000,2,1,82325
1613469600,1,6,124049
1613473200,1,6,67120
1613476800,3,3,95338
1613480400,3,4,78120
1613484000,2,2,90402
1613487600,2,6,90023
1613491200,1,3,80049
1613494800,3,4,100049
1613498400,1,5,111662
1613502000,2,3,91151
1613505600,3,0,99334
1613509200,2,1,76318
1613512800,2,4,116667
1613516400,2,6,116176
1613520000,2,1,87086
1613523600,1,2,82486
1613527200,1,6,85783
1613530800,3,0,102836
1613534400,2,2,88065
1613538000,1,5,89332
1613541600,1,4,96275
1613545200,2,6,91788
1613548800,2,6,116018
1613552400,3,4,72861
1613556000,3,2,112220
1613559600,2,6,122774
1613563200,3,6,119493
1613566800,1,6,123080
1613570400,3,0,72743
1613574000,2,4,75999
1613577600,3,1,121921
1613581200,1,0,127545
1613584800,3,4,66739
1613588400,2,6,100578
1613592000,2,6,110373
1613595600,2,0,83071
1613599200,3,6,108798
1613602800,3,6,70792
1613606400,2,4,96922
1613610000,1,3,102040
1613613600,3,6,101562
1613617200,1,4,129285
1613620800,2,6,130354
1613624400,2,4,80064
1613628000,1,6,66973
1613631600,3,5,74712
1613635200,1,1,110032
1613638800,3,3,99823
1613642400,3,1,109105
1613646000,1,6,122486
1613649600,3,4,98127
1613653200,2,1,66765
1613656800,1,3,82372
1613660400,2,0,102075
1613664000,1,4,122999
1613667600,1,5,126190
1613671200,2,0,103251
1613674800,2,4,70219
1613678400,2,0,112357
1613682000,2,5,105598
1613685600,1,5,88123
1613689200,1,0,78399
1613692800,3,0,72798
1613696400,1,2,100241
1613700000,1,2,102415
1613703600,3,0,113956
1613707200,1,5,96964
1613710800,1,4,122418
1613714400,1,0,92018
1613718000,2,5,130506
1613721600,3,3,115394
1613725200,3,0,110426
1613728800,1,6,103513
1613732400,1,5,93837
1613736000,1,1,106126
1613739600,1,3,93697
1613743200,3,5,103647
1613746800,3,5,76914
1613750400,3,6,85706
1613754000,2,2,70036
1613757600,2,4,86853
1613761200,3,2,130831
1613764800,3,3,109843
1613768400,1,3,68444
1613772000,3,1,70891
1613775600,1,6,109011
1613779200,2,3,74265
1613782800,2,4,70005
1613786400,2,1,100914
1613790000,1,3,72338
1613793600,2,4,89976
1613797200,2,5,72860
1613800800,2,2,99489
1613804400,3,3,101289
1613808000,1,6,75046
1613811600,3,4,95559
1613815200,2,1,107691
1613818800,2,3,104953
1613822400,1,0,106306
1613826000,2,5,72597
1613829600,3,2,96514
1613833200,1,4,68924
1613836800,2,6,90152
1613840400,1,2,66903
1613844000,2,6,93115
1613847600,2,6,67902
1613851200,2,4,85063
1613854800,3,5,117072
1613858400,1,0,99469
1613862000,1,1,90345
1613865600,2,3,83997
1613869200,2,0,129462
1613872800,3,0,95124
1613876400,3,4,90926
1613880000,2,2,81857
1613883600,3,2,73274
1613887200,2,2,70732
1613890800,3,5,120880
1613894400,3,1,86712
1613898000,1,4,107164
1613901600,1,4,85481
1613905200,3,1,73822
1613908800,1,4,89712
1613912400,3,5,118984
1613916000,2,0,104038
1613919600,3,2,82101
1613923200,2,4,83196
1613926800,2,2,73642
1613930400,3,2,92854
1613934000,3,4,115967
1613937600,1,1,74204
1613941200,3,1,102100
1613944800,3,0,99486
1613948400,3,1,90979
1613952000,3,6,105664
1613955600,3,2,77766
1613959200,2,0,92805
1613962800,3,0,76952
1613966400,1,4,109461
1613970000,1,2,92993
1613973600,1,6,107791
1613977200,2,2,78963
1613980800,3,2,125871
1613984400,3,4,81192
1613988000,1,3,101590
1613991600,2,0,99831
1613995200,2,5,83652
1613998800,1,1,123886
1614002400,3,0,106685
1614006000,3,0,80943
1614009600,2,4,88288
1614013200,2,4,72827
1614016800,2,4,80765
1614020400,2,3,98359
1614024000,2,6,113421
1614027600,2,3,126533
1614031200,2,5,126542
1614034800,2,2,82990
1614038400,3,2,79819
1614042000,2,6,96229
1614045600,3,0,89296
1614049200,1,5,95407
1614052800,3,4,113206
1614056400,1,3,83288
1614060000,2,1,114251
1614063600,2,0,87231
1614067200,3,1,69895
1614070800,1,2,127430
1614074400,1,2,102059
1614078000,3,5,103346
1614081600,1,0,82908
1614085200,2,3,120921
1614088800,3,5,127256
1614092400,3,2,96612
1614096000,2,6,72362
1614099600,1,6,128481
1614103200,1,0,92152
1614106800,1,6,112764
1614110400,2,3,117394
1614114000,2,0,71353
1614117600,1,5,83405
1614121200,3,6,110664
1614124800,1,2,122503
1614128400,3,2,68514
1614132000,3,4,85078
1614135600,3,6,116522
1614139200,2,0,120289
1614142800,2,6,129666
1614146400,1,5,124188
1614150000,2,5,80221
1614153600,1,4,94094
1614157200,2,0,86012
1614160800,2,6,85846
1614164400,3,5,75629
1614168000,2,2,100831
1614171600,2,2,106613
1614175200,2,3,76750
1614178800,2,5,119157
1614182400,2,5,126536
1614186000,2,4,97491
1614189600,3,6,107751
1614193200,2,0,126569
1614196800,1,3,115974
1614200400,1,6,127487
1614204000,3,3,88628
1614207600,2,4,109778
1614211200,1,5,74490
1614214800,1,2,85218
1614218400,1,1,123552
1614222000,1,1,127593
1614225600,3,4,113361
1614229200,1,1,116240
1614232800,2,5,88005
1614236400,2,4,75420
1614240000,1,1,91666
1614243600,2,6,108165
1614247200,1,5,82547
1614250800,1,2,69567
1614254400,3,0,85233
1614258000,3,3,67126
1614261600,2,0,113085
1614265200,2,5,120393
1614268800,2,0,71607
1614272400,1,1,80393
1614276000,1,1,91207
1614279600,3,3,129142
1614283200,2,2,104003
1614286800,3,5,120357
1614290400,3,0,100553
1614294000,3,0,105591
1614297600,1,0,119307
1614301200,1,6,90560
1614304800,3,1,80385
1614308400,1,0,129018
1614312000,3,3,73782
1614315600,3,3,124479
1614319200,2,3,73004
1614322800,1,1,115023
1614326400,3,1,73305
1614330000,3,6,71505
1614333600,3,5,68123
1614337200,2,5,73065
1614340800,1,4,109319
1614344400,1,3,85595
1614348000,3,1,115335
1614351600,3,3,121113
1614355200,3,1,79921
1614358800,1,2,102126
1614362400,1,5,88202
1614366000,1,2,123484
1614369600,1,1,78288
1614373200,2,2,93519
1614376800,1,4,120478
1614380400,3,2,99598
1614384000,3,6,73456
1614387600,2,1,123159
1614391200,3,4,87683
1614394800,1,3,98852
1614398400,1,1,70011
1614402000,2,1,74097
1614405600,2,0,85528
1614409200,2,3,109956
1614412800,1,4,116969
1614416400,1,0,83497
1614420000,3,6,100740
1614423600,1,0,73388
1614427200,3,0,126021
1614430800,2,0,96915
1614434400,1,0,101193
1614438000,3,1,108706
1614441600,2,0,97705
1614445200,3,4,126213
1614448800,3,0,70485
1614452400,1,5,105579
1614456000,3,3,110079
1614459600,2,0,106067
1614463200,2,3,73281
1614466800,1,5,91745
1614470400,1,4,94493
1614474000,3,3,66271
1614477600,1,4,102946
1614481200,1,2,113716
1614484800,1,1,98845
1614488400,2,5,103074
1614492000,2,3,67112
1614495600,3,6,92233
1614499200,2,2,104786
1614502800,1,0,126920
1614506400,1,3,116111
1614510000,2,5,114755
1614513600,2,0,93492
1614517200,3,5,100034
1614520800,3,4,113164
1614524400,1,0,118679
1614528000,1,3,68902
1614531600,2,1,130313
1614535200,3,6,103652
1614538800,1,3,115042
1614542400,3,5,130224
1614546000,2,2,81299
1614549600,1,2,104793
1614553200,1,5,73883
1614556800,1,1,104681
1614560400,1,0,98581
1614564000,2,0,95626
1614567600,1,6,130160
1614571200,2,5,111438
1614574800,2,1,112844
1614578400,2,0,84749
1614582000,2,4,94029
1614585600,3,4,103500
1614589200,3,3,112654
1614592800,2,5,114234
1614596400,3,1,93429
1614600000,3,6,125698
1614603600,1,1,109059
1614607200,3,4,70211
1614610800,3,4,114040
1614614400,1,4,94818
1614618000,3,2,101041
1614621600,3,2,78370
1614625200,1,3,110199
1614628800,1,4,99752
1614632400,1,0,122376
1614636000,3,5,99939
1614639600,1,6,101445
1614643200,1,6,88115
1614646800,3,1,98067
1614650400,1,6,115168
1614654000,3,6,128270
1614657600,3,3,125417
1614661200,2,1,107948
1614664800,2,1,111928
1614668400,2,4,83147
1614672000,1,6,82368
1614675600,1,2,101762
1614679200,1,4,102398
1614682800,2,2,74742
1614686400,1,2,83620
1614690000,2,4,92808
1614693600,3,5,120600
1614697200,2,1,101404
1614700800,1,2,120257
1614704400,1,5,122301
1614708000,3,2,125229
1614711600,3,4,95847
1614715200,1,5,105397
1614718800,1,1,120635
1614722400,3,0,96710
1614726000,1,6,118340
1614729600,1,0,89757
1614733200,1,5,89432
1614736800,2,1,124110
1614740400,3,4,86531
1614744000,1,2,71456
1614747600,1,5,103085
1614751200,3,6,113773
1614754800,1,3,70662
1614758400,2,2,127356
1614762000,1,4,108860
1614765600,2,5,67705
1614769200,3,1,101693
1614772800,1,4,121960
1614776400,1,3,126780
1614780000,3,1,78326
1614783600,2,1,76586
1614787200,1,5,130067
1614790800,1,5,68520
1614794400,3,6,70344
1614798000,1,5,77786
1614801600,3,2,118118
1614805200,3,3,87413
1614808800,1,0,104692
1614812400,3,3,103605
1614816000,2,1,130716
1614819600,1,5,114444
1614823200,2,4,85100
1614826800,1,2,72344
1614830400,1,0,103557
1614834000,2,4,68438
1614837600,3,5,123348
1614841200,2,1,123314
1614844800,1,6,119952
1614848400,2,6,68280
1614852000,2,2,92848
1614855600,1,5,96022
1614859200,1,4,105149
1614862800,3,3,75111
1614866400,2,0,104390
1614870000,2,6,123532
1614873600,1,1,72305
1614877200,3,6,84153
1614880800,2,1,91676
1614884400,3,5,113380
1614888000,2,4,117154
1614891600,3,1,105587
1614895200,1,6,127649
1614898800,2,5,68477
1614902400,3,5,72529
1614906000,2,0,96494
1614909600,3,1,86985
1614913200,1,1,96586
1614916800,1,4,109253
1614920400,3,4,70789
1614924000,3,1,74699
1614927600,1,5,120527
1614931200,3,5,98188
1614934800,2,0,82684
1614938400,3,0,118742
1614942000,1,0,102909
1614945600,3,1,113924
1614949200,1,4,95844
1614952800,1,0,106446
1614956400,2,3,106792
1614960000,1,4,117143
1614963600,2,6,71456
1614967200,1,0,93573
1614970800,3,6,119551
1614974400,3,3,93327
1614978000,2,5,109193
1614981600,1,0,66153
1614985200,3,0,102251
1614988800,3,2,94628
1614992400,2,4,69424
1614996000,3,5,102202
1614999600,2,0,113306
1615003200,1,6,77149
1615006800,1,5,83564
1615010400,1,0,69855
1615014000,2,6,98450
1615017600,1,0,69033
1615021200,1,5,96410
1615024800,3,1,108073
1615028400,1,3,120023
1615032000,2,4,127312
1615035600,3,0,111386
1615039200,1,5,117034
1615042800,2,3,111272
1615046400,1,3,111248
1615050000,1,2,66614
1615053600,3,0,80378
1615057200,3,4,97374
1615060800,2,0,109991
1615064400,3,6,65783
1615068000,2,6,127079
1615071600,1,5,110657
1615075200,3,3,88074
1615078800,3,3,87368
1615082400,1,5,124634
1615086000,3,0,124108
1615089600,1,1,129447
1615093200,1,6,103351
1615096800,3,5,82533
1615100400,1,2,123805
1615104000,3,4,127498
1615107600,3,3,102561
1615111200,1,5,124482
1615114800,1,0,73600
1615118400,2,0,99219
1615122000,1,5,129818
1615125600,1,0,67039
1615129200,1,5,73370
1615132800,2,6,76129
1615136400,3,0,79936
1615140000,1,4,101358
1615143600,1,1,70898
1615147200,1,3,127761
1615150800,3,2,126534
1615154400,3,5,75034
1615158000,3,3,112328
1615161600,3,3,108221
1615165200,3,5,77555
1615168800,2,6,79887
1615172400,3,5,66316
1615176000,1,2,92525
1615179600,3,6,88785
1615183200,2,3,100216
1615186800,1,6,111438
1615190400,3,4,78646
1615194000,1,4,126575
1615197600,1,6,78967
1615201200,2,4,131007
1615204800,2,5,75480
1615208400,1,4,98576
1615212000,2,6,117089
1615215600,1,1,127344
1615219200,3,6,100729
1615222800,1,1,96190
1615226400,1,2,83873
1615230000,1,3,125178
1615233600,2,6,87477
1615237200,3,0,65628
1615240800,3,5,67465
1615244400,3,5,93380
1615248000,2,3,92137
1615251600,1,5,127276
1615255200,1,3,100602
1615258800,1,0,84541
1615262400,3,1,129891
1615266000,2,6,114876
1615269600,1,0,76086
1615273200,1,5,94127
1615276800,1,5,105180
1615280400,2,6,95878
1615284000,3,3,94719
1615287600,2,5,90774
1615291200,3,1,69372
1615294800,2,3,92911
1615298400,2,5,76020
1615302000,2,5,125164
1615305600,2,5,76752
1615309200,2,4,130925
1615312800,1,6,90608
1615316400,1,0,97018
1615320000,2,4,117559
1615323600,1,0,127946
1615327200,1,0,96634
1615330800,3,1,124452
1615334400,2,3,100580
1615338000,1,0,108992
1615341600,1,1,78056
1615345200,1,5,85149
1615348800,1,4,92444
1615352400,2,3,74152
1615356000,3,4,113553
1615359600,3,1,105976
1615363200,2,3,102958
1615366800,2,2,84131
1615370400,2,0,86016
1615374000,1,3,117533
1615377600,2,2,86547
1615381200,1,4,69245
1615384800,3,6,121938
1615388400,2,3,115076
1615392000,2,1,116921
1615395600,3,1,91019
1615399200,3,1,90327
1615402800,1,2,108480
1615406400,2,0,79497
1615410000,2,3,79501
1615413600,3,4,130201
1615417200,2,6,101337
1615420800,2,4,68500
1615424400,2,6,74279
1615428000,1,1,122438
1615431600,2,2,68089
1615435200,3,0,94715
1615438800,1,3,74423
1615442400,1,2,121565
1615446000,3,2,74273
1615449600,1,6,69358
1615453200,2,5,119341
1615456800,1,3,112561
1615460400,2,1,65724
1615464000,1,4,118720
1615467600,2,0,94939
1615471200,3,2,117973
1615474800,2,0,104173
1615478400,2,3,127570
1615482000,3,3,105087
1615485600,2,0,126640
1615489200,3,6,109685
1615492800,1,0,85649
1615496400,2,2,110934
1615500000,2,6,93605
1615503600,2,1,122966
1615507200,2,3,93227
1615510800,1,1,112332
1615514400,1,1,102154
1615518000,2,0,104371
1615521600,2,2,122748
1615525200,3,0,100877
1615528800,2,2,92076
1615532400,2,1,99309
1615536000,1,6,65682
1615539600,1,2,75815
1615543200,2,2,94342
1615546800,1,3,122724
1615550400,1,1,121730
1615554000,2,3,81750
1615557600,2,4,104878
1615561200,1,3,129298
1615564800,3,5,77542
1615568400,3,5,117708
1615572000,3,2,118710
1615575600,2,1,68095
1615579200,3,5,88622
1615582800,1,1,101454
1615586400,1,5,107310
1615590000,2,6,130304
1615593600,3,5,78713
1615597200,1,2,79280
1615600800,2,1,100315
1615604400,3,2,124013
1615608000,2,3,102417
1615611600,2,3,119034
1615615200,2,3,72301
1615618800,2,4,73063
1615622400,2,6,112682
1615626000,2,2,124218
1615629600,3,6,108589
1615633200,2,6,85086
1615636800,1,5,126971
1615640400,2,5,119307
1615644000,3,5,68151
1615647600,2,4,122438
1615651200,2,3,105739
1615654800,2,3,74576
1615658400,1,2,75938
1615662000,2,4,72664
1615665600,2,0,70766
1615669200,3,6,71669
1615672800,3,0,73496
1615676400,1,5,115973
1615680000,3,3,119996
1615683600,3,2,128540
1615687200,2,2,78526
1615690800,3,1,86396
1615694400,2,6,122431
1615698000,1,2,124850
1615701600,2,0,92784
1615705200,3,5,67127
1615708800,2,1,127262
1615712400,2,2,100854
1615716000,3,6,122220
1615719600,2,6,86765
1615723200,1,0,113624
1615726800,2,1,106007
1615730400,3,4,99159
1615734000,1,2,84790
1615737600,2,2,73463
1615741200,2,4,108230
1615744800,2,4,105086
1615748400,1,2,70030
1615752000,3,6,74350
1615755600,3,3,92944
1615759200,1,6,117077
1615762800,1,2,83396
1615766400,3,3,122015
1615770000,3,2,84343
1615773600,3,1,70865
1615777200,2,6,86810
1615780800,1,2,90191
1615784400,2,3,126889
1615788000,3,3,116065
1615791600,2,5,74262
1615795200,2,5,119920
1615798800,1,5,69117
1615802400,3,3,101705
1615806000,2,4,115589
1615809600,3,1,66526
1615813200,1,5,113038
1615816800,3,4,77324
1615820400,1,0,124664
1615824000,1,4,121185
1615827600,3,0,123571
1615831200,2,6,115131
1615834800,3,0,78317
1615838400,3,4,109036
1615842000,2,0,81921
1615845600,3,4,81862
1615849200,1,0,68666
1615852800,1,1,95229
1615856400,3,1,87344
1615860000,2,1,115141
1615863600,2,2,94080
1615867200,2,5,107005
1615870800,2,1,112104
1615874400,1,4,79116
1615878000,2,6,74721
1615881600,1,4,107527
1615885200,2,6,89506
1615888800,3,2,97370
1615892400,1,1,128055
1615896000,3,2,101439
1615899600,3,0,78254
1615903200,3,6,122661
1615906800,3,0,119851
1615910400,3,6,73406
1615914000,2,2,112850
1615917600,3,1,91325
1615921200,3,4,75458
1615924800,3,2,74833
1615928400,1,0,101237
1615932000,1,1,110243
1615935600,1,0,91863
1615939200,2,6,66214
1615942800,2,3,82891
1615946400,3,0,106554
1615950000,3,0,97550
1615953600,2,5,89781
1615957200,1,4,99573
1615960800,3,1,102338
1615964400,3,0,117570
1615968000,1,2,101438
1615971600,2,1,103549
1615975200,3,4,114526
1615978800,3,2,72284
1615982400,1,2,89028
1615986000,3,2,74781
1615989600,2,4,104366
1615993200,2,4,88500
1615996800,1,1,78871
1616000400,1,6,79596
1616004000,3,3,77356
1616007600,1,6,118254
1616011200,2,4,101253
1616014800,1,2,83476
1616018400,2,0,81321
1616022000,2,3,74940
1616025600,2,5,129165
1616029200,1,4,72873
1616032800,3,5,112899
1616036400,1,0,127266
1616040000,1,6,75836
1616043600,1,4,117073
1616047200,2,0,125630
1616050800,2,5,84667
1616054400,3,3,94693
1616058000,3,0,131090
1616061600,2,6,94598
1616065200,2,5,102816
1616068800,3,3,86225
1616072400,2,3,109347
1616076000,2,5,92940
1616079600,3,1,110827
1616083200,2,1,125183
1616086800,3,6,119360
1616090400,1,6,127826
1616094000,2,2,70517
1616097600,1,1,87951
1616101200,2,4,77483
1616104800,2,3,99997
1616108400,1,2,103191
1616112000,1,6,118643
1616115600,1,6,75018
1616119200,1,5,108189
1616122800,3,1,122599
1616126400,2,3,98269
1616130000,1,0,78704
1616133600,2,0,111226
1616137200,2,4,80070
1616140800,1,2,68413
1616144400,1,2,75497
1616148000,2,4,69697
1616151600,3,6,116750
1616155200,3,1,109201
1616158800,2,2,69225
1616162400,3,0,109308
1616166000,1,0,127334
1616169600,2,4,123219
1616173200,3,6,115826
1616176800,3,3,114715
1616180400,1,3,130376
1616184000,2,3,75346
1616187600,3,4,70383
1616191200,2,2,67425
1616194800,2,3,115918
1616198400,3,2,110693
1616202000,2,3,103841
1616205600,3,5,100343
1616209200,1,0,122613
1616212800,3,2,79043
1616216400,3,4,97449
1616220000,3,6,94415
1616223600,1,2,112845
1616227200,3,2,124304
1616230800,1,1,78088
1616234400,1,2,124617
1616238000,2,1,127430
1616241600,2,5,127413
1616245200,3,1,104620
1616248800,3,2,101303
1616252400,2,0,120339
1616256000,1,3,106052
1616259600,2,6,118040
1616263200,3,0,114161
1616266800,1,1,100163
1616270400,1,1,117654
1616274000,1,4,68932
1616277600,2,3,81431
1616281200,3,6,81561
1616284800,3,1,81693
1616288400,3,3,93087
1616292000,2,6,114948
1616295600,2,1,81246
1616299200,1,3,128104
1616302800,2,3,126137
1616306400,2,5,125727
1616310000,1,3,68476
1616313600,2,2,123962
1616317200,3,0,130083
1616320800,3,3,68076
1616324400,2,6,82724
1616328000,2,3,74665
1616331600,2,0,100496
1616335200,2,2,103972
1616338800,3,2,78222
1616342400,1,2,73719
1616346000,1,2,111625
1616349600,1,0,84640
1616353200,3,3,120279
1616356800,3,1,88433
1616360400,3,5,90508
1616364000,2,5,77750
1616367600,3,0,118394
1616371200,2,6,68033
1616374800,3,1,68647
1616378400,3,2,89228
1616382000,2,5,78337
1616385600,3,1,105007
1616389200,3,0,109296
1616392800,3,1,79511
1616396400,2,2,97445
1616400000,3,0,125013
1616403600,2,3,70152
1616407200,3,1,117765
1616410800,1,1,85391
1616414400,2,3,81750
1616418000,3,5,118914
1616421600,3,3,106468
1616425200,2,2,75120
1616428800,2,6,106935
1616432400,3,6,73179
1616436000,1,2,122314
1616439600,1,4,121994
1616443200,3,3,107180
1616446800,1,4,78388
1616450400,2,2,113942
1616454000,1,4,118469
1616457600,1,5,72422
1616461200,1,1,88260
1616464800,1,4,127370
1616468400,2,5,98893
1616472000,2,0,65720
1616475600,3,1,95501
1616479200,2,1,82102
1616482800,3,3,93657
1616486400,1,2,123076
1616490000,3,5,100697
1616493600,3,1,67039
1616497200,1,0,127209
1616500800,3,3,117857
1616504400,2,0,128796
1616508000,3,3,116096
1616511600,1,4,101315
1616515200,3,4,99271
1616518800,3,3,114073
1616522400,2,1,110140
1616526000,1,5,121203
1616529600,3,5,107285
1616533200,1,0,71399
1616536800,1,3,88767
1616540400,3,5,124949
1616544000,2,2,121953
1616547600,1,6,98638
1616551200,3,2,111463
1616554800,1,3,70797
1616558400,2,6,72646
1616562000,3,3,72062
1616565600,1,5,84059
1616569200,2,5,105323
1616572800,2,1,75423
1616576400,1,4,101428
1616580000,3,5,123341
1616583600,3,4,103427
1616587200,3,0,109569
1616590800,3,1,82495
1616594400,3,2,115964
1616598000,2,5,98323
1616601600,3,3,130371
1616605200,3,3,110054
1616608800,1,5,126764
1616612400,1,6,101548
1616616000,2,6,87466
1616619600,1,5,79642
1616623200,2,0,65734
1616626800,2,3,79479
1616630400,3,6,76059
1616634000,3,4,89878
1616637600,3,0,110965
1616641200,2,2,77515
1616644800,1,6,126665
1616648400,3,1,84735
1616652000,2,0,66575
1616655600,2,2,128601
1616659200,3,3,79288
1616662800,1,5,123555
1616666400,3,4,69751
1616670000,1,1,111697
1616673600,1,3,96927
1616677200,1,3,99402
1616680800,2,1,65552
1616684400,3,5,126339
1616688000,1,5,82824
1616691600,2,6,96369
1616695200,2,2,73591
1616698800,3,0,76040
1616702400,2,1,92957
1616706000,3,6,71216
1616709600,3,3,71321
1616713200,2,6,92470
1616716800,1,1,113545
1616720400,1,3,119936
1616724000,1,5,119936
1616727600,3,3,125276
1616731200,2,2,84425
1616734800,3,1,128854
1616738400,1,5,131033
1616742000,3,0,111686
1616745600,1,1,84954
1616749200,2,0,96267
1616752800,1,1,129885
1616756400,1,0,115665
1616760000,3,3,128242
1616763600,2,1,103018
1616767200,3,5,103059
1616770800,1,5,76479
1616774400,3,1,109017
1616778000,1,3,73612
1616781600,1,4,82064
1616785200,1,5,127844
1616788800,1,6,85826
1616792400,1,3,77101
1616796000,1,1,96833
1616799600,3,4,96675
1616803200,3,0,69539
1616806800,2,0,116837
1616810400,3,1,90079
1616814000,3,6,110043
1616817600,3,2,78853
1616821200,2,1,67930
1616824800,1,1,104209
1616828400,1,1,66506
1616832000,1,6,74859
1616835600,3,2,80112
1616839200,3,4,114288
1616842800,3,2,120437
1616846400,1,3,68523
1616850000,1,2,117398
1616853600,2,6,78384
1616857200,2,4,102172
1616860800,2,1,78018
1616864400,3,5,108192
1616868000,1,0,73629
1616871600,1,2,92472
1616875200,1,6,108848
1616878800,1,1,122362
1616882400,2,4,78320
1616886000,2,0,75639
1616889600,1,6,122396
1616893200,1,3,103844
1616896800,1,4,110009
1616900400,3,3,85345
1616904000,2,1,107052
1616907600,2,2,75155
1616911200,1,1,76229
1616914800,1,2,114276
1616918400,1,0,109325
1616922000,1,4,113636
1616925600,1,5,106080
1616929200,2,4,127692
1616932800,1,1,115229
1616936400,1,6,107364
1616940000,1,0,105067
1616943600,1,3,79744
1616947200,1,1,73688
1616950800,3,0,107933
1616954400,2,0,95906
1616958000,1,3,106231
1616961600,3,4,87213
1616965200,3,0,117339
1616968800,2,2,129687
1616972400,1,4,71104
1616976000,3,2,115520
1616979600,2,2,74116
1616983200,3,0,67183
1616986800,1,6,100116
1616990400,3,5,70748
1616994000,3,3,75018
1616997600,1,5,95311
1617001200,3,3,122851
1617004800,3,3,120108
1617008400,1,2,65917
1617012000,2,3,73444
1617015600,3,5,118567
1617019200,3,1,69431
1617022800,1,3,105922
1617026400,3,3,97386
1617030000,2,5,125532
1617033600,1,0,96985
1617037200,1,5,117925
1617040800,3,5,81315
1617044400,3,5,102486
1617048000,3,4,119710
1617051600,3,2,106880
1617055200,1,0,105924
1617058800,2,6,124992
1617062400,3,6,130645
1617066000,3,5,87616
1617069600,3,1,129955
1617073200,3,0,82429
1617076800,3,1,79994
1617080400,3,0,121165
1617084000,3,6,118155
1617087600,3,5,110748
1617091200,2,6,79806
1617094800,1,0,92612
1617098400,1,0,107910
1617102000,2,2,103192
1617105600,2,4,115660
1617109200,3,6,109451
1617112800,1,6,76244
1617116400,3,4,126047
1617120000,3,2,100249
1617123600,3,1,72396
1617127200,3,0,85318
1617130800,2,6,115191
1617134400,1,6,126563
1617138000,3,2,123568
1617141600,2,1,90363
1617145200,3,3,96316
1617148800,1,2,117979
1617152400,3,6,115695
1617156000,1,4,116214
1617159600,1,2,80354
1617163200,2,6,77178
1617166800,3,4,91638
1617170400,3,4,69433
1617174000,1,6,75674
1617177600,1,3,77004
1617181200,1,4,89723
1617184800,3,4,75288
1617188400,3,4,65674
1617192000,1,0,88792
1617195600,1,6,121423
1617199200,2,5,115426
1617202800,1,0,112787
1617206400,1,5,102665
1617210000,2,4,99716
1617213600,3,3,65757
1617217200,3,2,116551
1617220800,1,0,126818
1617224400,1,1,69349
1617228000,1,1,108209
1617231600,2,3,108920
1617235200,1,6,106060
1617238800,2,3,119411
1617242400,3,5,67354
1617246000,2,2,94071
1617249600,1,5,70883
1617253200,3,6,78053
1617256800,3,6,80726
1617260400,3,0,65707
1617264000,3,6,100673
1617267600,2,5,77310
1617271200,1,1,103791
1617274800,1,5,126121
1617278400,1,6,104765
1617282000,2,0,126774
1617285600,1,1,81214
1617289200,2,3,100626
1617292800,1,3,77922
1617296400,2,4,88491
1617300000,3,6,66835
1617303600,2,3,119364
1617307200,1,1,77335
1617310800,3,6,83995
1617314400,3,3,120957
1617318000,2,2,83876
1617321600,1,2,82770
1617325200,3,2,107659
1617328800,2,6,116204
1617332400,2,5,93849
1617336000,1,0,110044
1617339600,3,2,76189
1617343200,2,5,129022
1617346800,3,3,112158
1617350400,3,0,117391
1617354000,3,3,98420
1617357600,1,4,121698
1617361200,3,0,89016
1617364800,2,5,116449
1617368400,3,2,115629
1617372000,1,3,114447
1617375600,2,4,82401
1617379200,2,0,96904
1617382800,1,6,92653
1617386400,3,2,102517
1617390000,2,4,89885
1617393600,3,0,115997
1617397200,3,3,130894
1617400800,2,1,66110
1617404400,2,2,130942
1617408000,3,6,113516
1617411600,2,6,80767
1617415200,1,1,114243
1617418800,2,6,94468
1617422400,3,2,67619
1617426000,1,0,89118
1617429600,2,6,111668
1617433200,2,1,76664
1617436800,2,4,129786
1617440400,1,6,124791
1617444000,2,5,79793
1617447600,3,6,104936
1617451200,2,5,107317
1617454800,1,4,84787
1617458400,1,3,111685
1617462000,3,1,70674
1617465600,3,6,98194
1617469200,2,2,108932
1617472800,3,1,98650
1617476400,2,4,80343
1617480000,2,0,104104
1617483600,3,5,115288
1617487200,1,4,130761
1617490800,2,3,88535
1617494400,3,3,71164
1617498000,1,4,115629
1617501600,3,4,77086
1617505200,1,1,71635
1617508800,2,3,98996
1617512400,3,4,121825
1617516000,3,5,74254
1617519600,1,6,97619
1617523200,3,4,75877
1617526800,2,3,123372
1617530400,1,4,99843
1617534000,2,6,73011
1617537600,1,5,94175
1617541200,2,2,78195
1617544800,2,3,101834
1617548400,3,3,87869
1617552000,3,0,67836
1617555600,2,6,121629
1617559200,3,5,81537
1617562800,1,6,103098
1617566400,1,1,119524
1617570000,1,3,83609
1617573600,1,4,66128
1617577200,2,3,127457
1617580800,1,0,76162
1617584400,1,3,76632
1617588000,2,4,78036
1617591600,2,3,108743
1617595200,2,2,114949
1617598800,2,0,68524
1617602400,2,2,85822
1617606000,3,3,96633
1617609600,1,4,85413
1617613200,3,6,129350
1617616800,2,6,103268
1617620400,3,1,68345
1617624000,2,1,80871
1617627600,2,0,83927
1617631200,1,1,71678
1617634800,2,0,92383
1617638400,3,5,100324
1617642000,3,3,91889
1617645600,1,2,74553
1617649200,3,4,104674
1617652800,1,4,101555
1617656400,3,4,129213
1617660000,2,1,106425
1617663600,2,3,101128
1617667200,1,2,93577
1617670800,2,2,109976
1617674400,3,0,74129
1617678000,1,0,77944
1617681600,3,6,101575
1617685200,1,4,79979
1617688800,1,5,75076
1617692400,3,0,125211
1617696000,2,5,110206
1617699600,2,3,108198
1617703200,3,3,124477
1617706800,3,0,77181
1617710400,1,2,100573
1617714000,3,1,111383
1617717600,3,5,102791
1617721200,1,0,66955
1617724800,3,2,95407
1617728400,3,5,66888
1617732000,3,3,67361
1617735600,3,5,122363
1617739200,3,1,108809
1617742800,3,3,98480
1617746400,3,5,80303
1617750000,3,5,126986
1617753600,3,4,123407
1617757200,2,2,106303
1617760800,2,3,87092
1617764400,3,2,129513
1617768000,3,3,128048
1617771600,2,2,123588
1617775200,3,4,75885
1617778800,3,5,116538
1617782400,2,2,120794
1617786000,1,5,124963
1617789600,2,4,86017
1617793200,1,6,123151
1617796800,2,0,91814
1617800400,1,5,94903
1617804000,1,5,126454
1617807600,2,4,127583
1617811200,2,6,75314
1617814800,3,0,121943
1617818400,3,3,82205
1617822000,2,3,84492
1617825600,2,6,71094
1617829200,3,3,79268
1617832800,1,3,72512
1617836400,2,0,80699
1617840000,2,3,67262
1617843600,1,3,99664
1617847200,2,0,65538
1617850800,3,2,73795
1617854400,1,2,81541
1617858000,1,5,103543
1617861600,3,0,97695
1617865200,3,5,83949
1617868800,1,1,130791
1617872400,3,2,100785
1617876000,2,2,85626
1617879600,1,6,109908
1617883200,2,0,128126
1617886800,1,0,84993
1617890400,2,0,124866
1617894000,2,1,95892
1617897600,3,0,67699
1617901200,3,1,78284
1617904800,3,5,91909
1617908400,3,0,69214
1617912000,2,0,95002
1617915600,3,0,71201
1617919200,3,6,125493
1617922800,1,1,70747
1617926400,3,2,122361
1617930000,3,4,100094
1617933600,1,4,78338
1617937200,2,5,72852
1617940800,3,0,87168
1617944400,3,0,100544
1617948000,1,3,117943
1617951600,2,6,75453
1617955200,3,3,110760
1617958800,2,6,82389
1617962400,3,0,129875
1617966000,2,3,100028
1617969600,1,5,124212
1617973200,2,2,103310
1617976800,3,4,83455
1617980400,2,5,91983
1617984000,2,1,98507
1617987600,2,0,85197
1617991200,2,2,96427
1617994800,2,1,129148
1617998400,2,3,99263
1618002000,1,1,93819
1618005600,3,1,77536
1618009200,2,5,80295
1618012800,1,6,114844
1618016400,2,5,104001
1618020000,2,5,117081
1618023600,1,2,79993
1618027200,1,4,101960
1618030800,1,0,101463
1618034400,3,5,93914
1618038000,1,0,88019
1618041600,3,4,118336
1618045200,3,2,104311
1618048800,2,3,108697
1618052400,3,1,125408
1618056000,1,1,113616
1618059600,3,1,98008
1618063200,1,0,116221
1618066800,2,3,72004
1618070400,1,1,85765
1618074000,1,0,80370
1618077600,3,6,118028
1618081200,3,0,98423
1618084800,1,1,87049
1618088400,1,6,101824
1618092000,1,0,103559
1618095600,3,5,77105
1618099200,3,4,107760
1618102800,2,5,67424
1618106400,2,4,113064
1618110000,2,1,109214
1618113600,2,4,122076
1618117200,3,0,125731
1618120800,2,4,107220
1618124400,2,1,105651
1618128000,2,2,121569
1618131600,1,1,85448
1618135200,3,3,94898
1618138800,2,1,120706
1618142400,2,5,67526
1618146000,1,2,95010
1618149600,1,5,122086
1618153200,3,2,97997
1618156800,2,5,127155
1618160400,2,5,121448
1618164000,1,0,130547
1618167600,1,6,71258
1618171200,3,3,79610
1618174800,2,0,130449
1618178400,3,2,98971
1618182000,2,0,108960
1618185600,1,5,71694
1618189200,2,0,67384
1618192800,3,0,128917
1618196400,3,4,118814
1618200000,2,3,101081
1618203600,2,6,75822
1618207200,3,2,120243
1618210800,2,0,107376
1618214400,3,6,104745
1618218000,3,5,84042
1618221600,2,2,99146
1618225200,2,6,92841
1618228800,1,6,69885
1618232400,2,3,89481
1618236000,2,6,126107
1618239600,3,6,104521
1618243200,1,0,110274
1618246800,1,2,124606
1618250400,3,1,81616
1618254000,1,3,104367
1618257600,3,1,91060
1618261200,3,2,98244
1618264800,2,5,92743
1618268400,2,3,98259
1618272000,3,5,105066
1618275600,2,2,102338
1618279200,2,1,68079
1618282800,1,1,109719
1618286400,3,3,85059
1618290000,3,4,131090
1618293600,1,0,94325
1618297200,1,2,101996
1618300800,1,4,90313
1618304400,1,6,84740
1618308000,1,0,128354
1618311600,3,5,97709
1618315200,2,5,124163
1618318800,2,6,131151
1618322400,1,3,122594
1618326000,2,0,99781
1618329600,3,3,81220
1618333200,3,4,128239
1618336800,1,2,109151
1618340400,2,1,83742
1618344000,1,6,75956
1618347600,3,5,108447
1618351200,1,6,116643
1618354800,1,1,79645
1618358400,3,4,94444
1618362000,2,1,128999
1618365600,1,4,128787
1618369200,1,2,81413
1618372800,2,5,85222
1618376400,3,0,101784
1618380000,2,4,87985
1618383600,2,0,83355
1618387200,2,0,96977
1618390800,1,5,121194
1618394400,2,0,68915
1618398000,3,3,90939
1618401600,1,2,83626
1618405200,1,2,113685
1618408800,2,4,76101
1618412400,2,0,126925
1618416000,3,6,116170
1618419600,3,0,68734
1618423200,3,4,120346
1618426800,2,5,94805
1618430400,1,2,85443
1618434000,1,3,111399
1618437600,1,3,75646
1618441200,1,1,125141
1618444800,1,4,87758
1618448400,1,4,72749
1618452000,2,4,98321
1618455600,3,1,109257
1618459200,3,2,72630
1618462800,1,2,77466
1618466400,3,2,127674
1618470000,2,3,120887
1618473600,2,2,82649
1618477200,2,6,76212
1618480800,3,5,117453
1618484400,2,0,122501
1618488000,2,3,99887
1618491600,3,1,89577
1618495200,3,4,81673
1618498800,3,5,69697
1618502400,1,4,109306
1618506000,1,6,90123
1618509600,2,1,113389
1618513200,1,2,121356
1618516800,2,4,124254
1618520400,2,2,104930
1618524000,3,5,104371
1618527600,2,3,117776
1618531200,1,0,72505
1618534800,3,0,126923
1618538400,3,5,103189
1618542000,1,5,124764
1618545600,3,1,68320
1618549200,3,4,102959
1618552800,3,1,129293
1618556400,2,1,121424
1618560000,1,6,96768
1618563600,1,2,115827
1618567200,1,1,80848
1618570800,1,5,102481
1618574400,3,6,89102
1618578000,3,2,130565
1618581600,3,3,113030
1618585200,1,2,81327
1618588800,2,0,111770
1618592400,1,0,114801
1618596000,3,0,91949
1618599600,3,2,122800
1618603200,3,1,110322
1618606800,3,0,98372
1618610400,1,2,91109
1618614000,2,4,94386
1618617600,1,6,94869
1618621200,3,2,112695
1618624800,2,6,100126
1618628400,1,6,77963
1618632000,3,6,85598
1618635600,1,4,96231
1618639200,2,1,124183
1618642800,1,2,72867
1618646400,2,1,69308
1618650000,1,2,85521
1618653600,1,3,77179
1618657200,3,0,74784
1618660800,3,0,115760
1618664400,2,6,66953
1618668000,3,3,77605
1618671600,2,2,113313
1618675200,2,5,82891
1618678800,3,5,105209
1618682400,3,6,113655
1618686000,2,0,93876
1618689600,1,3,83185
1618693200,2,5,118873
1618696800,2,0,123378
1618700400,1,0,105013
1618704000,2,2,113045
1618707600,3,6,98047
1618711200,2,3,127486
1618714800,3,1,76954
1618718400,2,4,72642
1618722000,1,0,74488
1618725600,3,5,111340
1618729200,1,4,71058
1618732800,2,0,76639
1618736400,2,1,76633
1618740000,2,2,93670
1618743600,1,2,109892
1618747200,2,5,118076
1618750800,3,4,111232
1618754400,1,2,86492
1618758000,3,5,123464
1618761600,1,1,128378
1618765200,3,2,85157
1618768800,2,3,124124
1618772400,3,0,98592
1618776000,1,6,113534
1618779600,1,1,105182
1618783200,2,2,93594
1618786800,1,1,123844
1618790400,1,1,66412
1618794000,3,6,72973
1618797600,2,4,96029
1618801200,1,0,97794
1618804800,2,3,121404
1618808400,2,2,93427
1618812000,1,0,81059
1618815600,1,1,93889
1618819200,2,6,71074
1618822800,2,4,102282
1618826400,3,1,95375
1618830000,3,3,112895
1618833600,1,2,108359
1618837200,2,5,79451
1618840800,3,6,97331
1618844400,3,4,107464
1618848000,2,3,83029
1618851600,3,6,90079
1618855200,3,5,69414
1618858800,3,0,101292
1618862400,3,0,72417
1618866000,2,5,97101
1618869600,3,6,129716
1618873200,2,4,101830
1618876800,1,2,126420
1618880400,3,1,92880
1618884000,3,0,72187
1618887600,1,4,102138
1618891200,2,0,91105
1618894800,2,4,105065
1618898400,1,3,88569
1618902000,1,3,80412
1618905600,3,1,77830
1618909200,2,4,111317
1618912800,3,5,109574
1618916400,2,0,128471
1618920000,3,4,130262
1618923600,3,6,82350
1618927200,1,0,88926
1618930800,1,4,79690
1618934400,1,3,101589
1618938000,3,2,70705
1618941600,1,1,72317
1618945200,1,4,111328
1618948800,3,4,98099
1618952400,3,4,130062
1618956000,1,3,79951
1618959600,1,2,124251
1618963200,3,6,90595
1618966800,1,2,114135
1618970400,1,0,89151
1618974000,2,5,126081
1618977600,3,5,87297
1618981200,1,6,74900
1618984800,3,0,114982
1618988400,2,2,109435
1618992000,2,2,75404
1618995600,2,3,123095
1618999200,3,0,81999
1619002800,3,2,108959
1619006400,3,3,84514
1619010000,2,1,87132
1619013600,2,1,66053
1619017200,2,1,126926
1619020800,1,2,118622
1619024400,1,3,74978
1619028000,2,0,96849
1619031600,1,4,107485
1619035200,3,6,95984
1619038800,2,4,113454
1619042400,1,0,70494
1619046000,2,6,68793
1619049600,1,6,103321
1619053200,3,4,87504
1619056800,1,6,122569
1619060400,1,6,109807
1619064000,3,2,75825
1619067600,3,1,128392
1619071200,1,1,91394
1619074800,2,1,93446
1619078400,2,2,79592
1619082000,2,5,101165
1619085600,1,4,87435
1619089200,3,4,87882
1619092800,2,0,111870
1619096400,2,2,77571
1619100000,1,1,84320
1619103600,3,5,104067
1619107200,1,5,101016
1619110800,2,4,81428
1619114400,3,0,88727
1619118000,2,3,103972
1619121600,3,6,83122
1619125200,3,3,130250
1619128800,2,1,127352
1619132400,1,4,72080
1619136000,1,2,122666
1619139600,3,1,113512
1619143200,3,0,86569
1619146800,3,3,72284
1619150400,1,3,80657
1619154000,3,5,116646
1619157600,1,2,79952
1619161200,1,2,73999
1619164800,3,0,120753
1619168400,1,0,70137
1619172000,2,3,107897
1619175600,1,1,102847
1619179200,2,5,117843
1619182800,2,4,75187
1619186400,3,5,106346
1619190000,1,4,121819
1619193600,3,1,91600
1619197200,1,3,75505
1619200800,1,2,85681
1619204400,2,3,102823
1619208000,1,1,73331
1619211600,1,2,109343
1619215200,1,4,80198
1619218800,2,1,87013
1619222400,2,6,107761
1619226000,1,5,99996
1619229600,3,4,91953
1619233200,3,3,73500
1619236800,1,4,71432
1619240400,1,1,109646
1619244000,2,0,101332
1619247600,3,3,65701
1619251200,2,3,78446
1619254800,3,2,94965
1619258400,1,5,94286
1619262000,1,0,119250
1619265600,1,2,89691
1619269200,1,3,123583
1619272800,3,2,87914
1619276400,2,3,75819
1619280000,3,1,119619
1619283600,2,4,130401
1619287200,3,6,107558
1619290800,2,1,103396
1619294400,1,2,89649
1619298000,1,5,69208
1619301600,3,3,126073
1619305200,2,6,99600
1619308800,1,1,82911
1619312400,2,6,68433
1619316000,1,0,121173
1619319600,1,4,117650
1619323200,1,2,129391
1619326800,2,6,77701
1619330400,1,2,77414
1619334000,1,3,67197
1619337600,1,5,81512
1619341200,2,6,108855
1619344800,2,5,119273
1619348400,1,4,80741
1619352000,1,3,75290
1619355600,1,1,90596
1619359200,1,1,71388
1619362800,1,4,113731
1619366400,1,6,115779
1619370000,3,3,106283
1619373600,3,2,101038
1619377200,1,4,96481
1619380800,3,6,74823
1619384400,1,6,68641
1619388000,1,2,105737
1619391600,2,2,119121
1619395200,1,2,70103
1619398800,1,0,94059
1619402400,2,6,97576
1619406000,2,3,94566
1619409600,3,0,126621
1619413200,1,1,85085
1619416800,2,3,97377
1619420400,1,4,87517
1619424000,2,0,113839
1619427600,1,3,100705
1619431200,1,4,100230
1619434800,2,5,128149
1619438400,2,0,75554
1619442000,3,2,113316
1619445600,3,3,111822
1619449200,3,3,114766
1619452800,2,5,72113
1619456400,1,1,130954
1619460000,3,2,71665
1619463600,3,1,73193
1619467200,3,1,122681
1619470800,3,0,122424
1619474400,3,6,120617
1619478000,1,5,91666
1619481600,2,4,114237
1619485200,2,5,82356
1619488800,3,2,130525
1619492400,2,1,98838
1619496000,3,2,121674
1619499600,3,5,97761
1619503200,1,1,90884
1619506800,3,1,95409
1619510400,2,1,101941
1619514000,1,3,104601
1619517600,2,2,104700
1619521200,1,1,87487
1619524800,3,6,110430
1619528400,1,0,129533
1619532000,3,5,111340
1619535600,1,5,93955
1619539200,3,2,112545
1619542800,2,1,108451
1619546400,2,0,96164
1619550000,1,3,95905
1619553600,3,5,79616
1619557200,3,2,93584
1619560800,2,2,83482
1619564400,1,5,121526
1619568000,2,1,103939
1619571600,1,3,130207
1619575200,2,1,114631
1619578800,1,3,76437
1619582400,2,3,72514
1619586000,1,6,82105
1619589600,2,0,75905
1619593200,1,3,92413
1619596800,3,0,82812
1619600400,1,0,74173
1619604000,2,6,72080
1619607600,1,1,94751
1619611200,1,4,98575
1619614800,1,1,81180
1619618400,1,2,127877
1619622000,3,0,105878
1619625600,3,1,92167
1619629200,1,4,115708
1619632800,2,4,67177
1619636400,3,0,84825
1619640000,3,1,101375
1619643600,2,2,96993
1619647200,1,0,89899
1619650800,2,1,99383
1619654400,2,0,130441
1619658000,2,2,82429
1619661600,3,1,106788
1619665200,2,6,86325
1619668800,3,0,114725
1619672400,1,0,68459
1619676000,1,0,79356
1619679600,3,5,72062
1619683200,3,1,83530
1619686800,3,2,124936
1619690400,2,6,75908
1619694000,3,1,102415
1619697600,1,0,117472
1619701200,1,5,103730
1619704800,3,3,105582
1619708400,2,6,84869
1619712000,3,6,67745
1619715600,1,2,98674
1619719200,3,6,103315
1619722800,1,4,114707
1619726400,2,5,110576
1619730000,1,0,115343
1619733600,3,4,65796
1619737200,3,5,119840
1619740800,2,2,120535
1619744400,1,6,107442
1619748000,3,6,89648
1619751600,3,6,130712
1619755200,3,4,130816
1619758800,1,6,76404
1619762400,2,4,66961
1619766000,1,2,129473
1619769600,3,6,111640
1619773200,3,1,82432
1619776800,3,2,100557
1619780400,3,2,73729
1619784000,2,4,108428
1619787600,2,2,114917
1619791200,3,6,89523
1619794800,3,0,88159
1619798400,2,4,94388
1619802000,1,5,80662
1619805600,3,6,83861
1619809200,1,5,90284
1619812800,2,1,90006
1619816400,2,2,105556
1619820000,2,0,108146
1619823600,3,2,99986
1619827200,3,2,76295
1619830800,3,4,112773
1619834400,1,5,89397
1619838000,3,4,116844
1619841600,1,6,75730
1619845200,2,5,97588
1619848800,1,6,95248
1619852400,1,5,68273
1619856000,2,4,76087
1619859600,1,3,87366
1619863200,2,1,91448
1619866800,1,2,125895
1619870400,1,2,98020
1619874000,1,6,102602
1619877600,1,2,110225
1619881200,2,1,118873
1619884800,3,0,90007
1619888400,3,6,114083
1619892000,2,3,105941
1619895600,3,2,98272
1619899200,2,5,112738
1619902800,2,3,69772
1619906400,2,4,113070
1619910000,2,3,112492
1619913600,2,2,110882
1619917200,3,1,126565
1619920800,2,3,108452
1619924400,2,0,81012
1619928000,3,3,84267
1619931600,3,4,122906
1619935200,3,3,100107
1619938800,1,1,109782
1619942400,2,0,78095
1619946000,1,0,112062
1619949600,2,4,66080
1619953200,1,2,119536
1619956800,2,0,125088
1619960400,1,2,84730
1619964000,1,0,122273
1619967600,3,4,127194
1619971200,2,0,111124
1619974800,2,5,127693
1619978400,1,6,78269
1619982000,3,5,116408
1619985600,1,0,109984
1619989200,2,0,103686
1619992800,1,0,123135
1619996400,1,3,79043
1620000000,3,4,95797
1620003600,1,3,110246
1620007200,3,0,79288
1620010800,2,2,125964
1620014400,2,1,113034
1620018000,1,4,115752
1620021600,2,0,125638
1620025200,3,2,84483
1620028800,3,6,81033
1620032400,3,3,92569
1620036000,1,4,124365
1620039600,2,6,101797
1620043200,1,4,82237
1620046800,2,2,90053
1620050400,2,3,76138
1620054000,2,2,108486
1620057600,2,1,130068
1620061200,2,0,85992
1620064800,1,3,113414
1620068400,1,3,102692
1620072000,2,6,73021
1620075600,1,6,81138
1620079200,1,5,123064
1620082800,2,6,130632
1620086400,1,1,82844
1620090000,2,1,75587
1620093600,2,6,94097
1620097200,1,6,117185
1620100800,1,1,79444
1620104400,3,0,66193
1620108000,1,2,128857
1620111600,1,0,90586
1620115200,3,6,99646
1620118800,2,2,66235
1620122400,1,0,116416
1620126000,3,3,90577
1620129600,1,3,76853
1620133200,1,3,69710
1620136800,3,0,115812
1620140400,3,0,99383
1620144000,1,4,85375
1620147600,2,0,84497
1620151200,2,1,115493
1620154800,3,0,109026
1620158400,1,3,99814
1620162000,1,0,126177
1620165600,3,3,89590
1620169200,1,3,92504
1620172800,3,6,117457
1620176400,3,1,108770
1620180000,1,0,65680
1620183600,2,3,99229
1620187200,3,1,121463
1620190800,3,1,124272
1620194400,2,3,69198
1620198000,3,6,104821
1620201600,2,5,72001
1620205200,1,4,130573
1620208800,2,3,97356
1620212400,2,1,107332
1620216000,1,1,67802
1620219600,2,2,69805
1620223200,3,5,72755
1620226800,1,6,72843
1620230400,1,5,98486
1620234000,3,4,107210
1620237600,3,1,113854
1620241200,1,5,102019
1620244800,2,5,65678
1620248400,3,5,120743
1620252000,3,0,104150
1620255600,1,0,91175
1620259200,1,5,73061
1620262800,1,2,127482
1620266400,1,2,128737
1620270000,3,4,83386
1620273600,2,4,79789
1620277200,2,1,76362
1620280800,3,5,127793
1620284400,2,5,89092
1620288000,3,3,69129
1620291600,1,4,95767
1620295200,3,2,99143
1620298800,1,1,79749
1620302400,1,0,113838
1620306000,2,6,121918
1620309600,2,0,95155
1620313200,2,4,115851
1620316800,3,4,79852
1620320400,1,1,112333
1620324000,2,1,123816
1620327600,1,6,78648
1620331200,2,6,112373
1620334800,2,2,100935
1620338400,1,0,79361
1620342000,2,2,80601
1620345600,2,2,70491
1620349200,2,3,69632
1620352800,2,5,104305
1620356400,3,6,119218
1620360000,1,1,66020
1620363600,1,4,76682
1620367200,2,6,83488
1620370800,3,0,83762
1620374400,3,0,84015
1620378000,2,0,99327
1620381600,2,2,130033
1620385200,2,5,76629
1620388800,1,4,81214
1620392400,1,5,112692
1620396000,1,6,118781
1620399600,1,4,75355
1620403200,2,4,95799
1620406800,1,5,92649
1620410400,2,6,69916
1620414000,2,3,103621
1620417600,2,5,91154
1620421200,3,2,89853
1620424800,3,1,84396
1620428400,1,2,89100
1620432000,1,3,112842
1620435600,3,2,82630
1620439200,3,0,67012
1620442800,1,5,112825
1620446400,3,0,124195
1620450000,1,5,114946
1620453600,1,6,89944
1620457200,3,0,92063
1620460800,3,4,115198
1620464400,3,6,66845
1620468000,2,5,104241
1620471600,3,4,86396
1620475200,1,2,90093
1620478800,2,4,95367
1620482400,3,2,92725
1620486000,3,3,128364
1620489600,2,0,94602
1620493200,2,2,93854
1620496800,2,6,99294
1620500400,3,2,88683
1620504000,1,6,71257
1620507600,1,3,100261
1620511200,3,6,81959
1620514800,1,0,112251
1620518400,3,4,86976
1620522000,3,5,93668
1620525600,3,1,114976
1620529200,3,1,100681
1620532800,1,2,113018
1620536400,2,0,95011
1620540000,1,6,70224
1620543600,2,4,85962
1620547200,3,1,121402
1620550800,2,6,74464
1620554400,1,1,85793
1620558000,2,5,92974
1620561600,3,3,97298
1620565200,2,0,123173
1620568800,2,1,65854
1620572400,3,4,96075
1620576000,2,2,83871
1620579600,1,1,67948
1620583200,1,0,124602
1620586800,3,5,109196
1620590400,3,1,89482
1620594000,1,4,92647
1620597600,2,0,67764
1620601200,1,0,81818
1620604800,3,6,97489
1620608400,1,2,110617
1620612000,1,1,106430
1620615600,3,5,90649
1620619200,2,4,87798
1620622800,2,2,86584
1620626400,3,4,95802
1620630000,3,1,71256
1620633600,2,1,106715
1620637200,1,0,110146
1620640800,3,4,88974
1620644400,3,1,90683
1620648000,3,3,68910
1620651600,1,3,93980
1620655200,2,4,120683
1620658800,2,4,101328
1620662400,3,6,72563
1620666000,2,0,120282
1620669600,1,6,102729
1620673200,3,2,117303
1620676800,3,4,118087
1620680400,3,2,105397
1620684000,2,6,127291
1620687600,3,3,81030
1620691200,1,3,90100
1620694800,3,5,82293
1620698400,1,1,128987
1620702000,3,4,95137
1620705600,2,2,128927
1620709200,2,4,101312
1620712800,2,3,94210
1620716400,2,0,73937
1620720000,3,4,113293
1620723600,1,5,121898
1620727200,3,4,124864
1620730800,3,6,106535
1620734400,3,6,87959
1620738000,2,1,127120
1620741600,3,3,70746
1620745200,3,6,119008
1620748800,1,4,81687
1620752400,1,3,113495
1620756000,3,4,108306
1620759600,1,5,97211
1620763200,2,5,98455
1620766800,2,3,111749
1620770400,3,1,124764
1620774000,2,3,78892
1620777600,2,2,122234
1620781200,2,3,95071
1620784800,3,0,76889
1620788400,3,0,120239
1620792000,2,0,95789
1620795600,2,3,130932
1620799200,2,0,109888
1620802800,2,4,84938
1620806400,1,1,100557
1620810000,1,6,88924
1620813600,2,5,79639
1620817200,1,2,125893
1620820800,1,0,104470
1620824400,3,6,109681
1620828000,1,4,74089
1620831600,3,2,83372
1620835200,2,2,90334
1620838800,3,1,88668
1620842400,1,5,119371
1620846000,2,3,73594
1620849600,2,1,78556
1620853200,3,4,129268
1620856800,3,2,82290
1620860400,3,4,85048
1620864000,1,2,109663
1620867600,2,2,95350
1620871200,1,0,111703
1620874800,2,0,115804
1620878400,2,5,126147
1620882000,2,1,88204
1620885600,2,2,118887
1620889200,1,3,105702
1620892800,1,0,105902
1620896400,3,5,130839
1620900000,1,4,103942
1620903600,2,5,110902
1620907200,3,3,96041
1620910800,1,0,65792
1620914400,1,1,67276
1620918000,1,3,97595
1620921600,1,2,114500
1620925200,2,3,66457
1620928800,1,6,69259
1620932400,3,5,106404
1620936000,2,1,80562
1620939600,1,1,65924
1620943200,1,5,108043
1620946800,2,4,128162
1620950400,1,3,111494
1620954000,2,4,84156
1620957600,1,4,81925
1620961200,3,1,117821
1620964800,1,4,86383
1620968400,2,0,107921
1620972000,2,0,126109
1620975600,2,1,119438
1620979200,3,3,79802
1620982800,1,2,119007
1620986400,3,0,90410
1620990000,2,1,110057
1620993600,2,6,107261
1620997200,3,5,97456
1621000800,2,1,82888
1621004400,3,4,66004
1621008000,2,1,84390
1621011600,1,0,72896
1621015200,3,4,104606
1621018800,1,3,116670
1621022400,2,6,99144
1621026000,1,0,91686
1621029600,2,0,116156
1621033200,3,0,128163
1621036800,1,3,118428
1621040400,1,0,90673
1621044000,3,3,85768
1621047600,2,3,118739
1621051200,1,1,86418
1621054800,2,1,96949
1621058400,3,4,99201
1621062000,2,2,111414
1621065600,1,4,114290
1621069200,3,5,124217
1621072800,3,3,79725
1621076400,3,5,77499
1621080000,2,6,84087
1621083600,2,4,94424
1621087200,1,4,124495
1621090800,1,2,122928
1621094400,3,1,67357
1621098000,2,6,76011
1621101600,2,3,72338
1621105200,3,4,115580
1621108800,2,0,116585
1621112400,2,4,82504
1621116000,2,0,107159
1621119600,1,6,116051
1621123200,3,4,116540
1621126800,1,3,109778
1621130400,3,3,81261
1621134000,1,3,92317
1621137600,1,0,75740
1621141200,2,3,109869
1621144800,3,0,88138
1621148400,3,2,129077
1621152000,1,2,116348
1621155600,2,1,108103
1621159200,1,1,81706
1621162800,3,2,68242
1621166400,1,3,88923
1621170000,2,1,73859
1621173600,2,5,106846
1621177200,1,3,67447
1621180800,3,0,107697
1621184400,3,0,82794
1621188000,3,6,125774
1621191600,1,2,123915
1621195200,2,5,78387
1621198800,3,5,103585
1621202400,1,4,125627
1621206000,1,2,80697
1621209600,3,6,100343
1621213200,3,5,98012
1621216800,1,1,85830
1621220400,3,3,76926
1621224000,2,5,88270
1621227600,2,5,95847
1621231200,1,1,74335
1621234800,2,6,112657
1621238400,2,2,123782
1621242000,1,3,75315
1621245600,1,6,97593
1621249200,3,2,107465
1621252800,1,3,101144
1621256400,1,3,83716
1621260000,1,3,70601
1621263600,2,3,112613
1621267200,2,1,121045
1621270800,2,2,74147
1621274400,2,6,67982
1621278000,2,3,98219
1621281600,2,2,97343
1621285200,2,6,78947
1621288800,1,0,100377
1621292400,3,4,110439
1621296000,1,6,88473
1621299600,2,3,94717
1621303200,2,2,121914
1621306800,2,1,79358
1621310400,1,2,126173
1621314000,3,3,70103
1621317600,1,2,85302
1621321200,3,4,103020
1621324800,2,2,90098
1621328400,1,1,66830
1621332000,3,3,72323
1621335600,3,4,129313
1621339200,3,3,126634
1621342800,3,6,83288
1621346400,3,6,101831
1621350000,1,6,71317
1621353600,3,5,67162
1621357200,3,3,121425
1621360800,2,2,106841
1621364400,1,1,86737
1621368000,3,6,79293
1621371600,1,5,117292
1621375200,2,4,116539
1621378800,3,6,66904
1621382400,2,0,98073
1621386000,1,4,81218
1621389600,2,4,86942
1621393200,2,4,71213
1621396800,2,0,123282
1621400400,1,5,70876
1621404000,1,3,90174
1621407600,1,5,72839
1621411200,2,2,113690
1621414800,2,2,72193
1621418400,3,0,121163
1621422000,1,1,86407
1621425600,3,3,103768
1621429200,2,4,99655
1621432800,1,5,101353
1621436400,3,4,95505
1621440000,1,2,93606
1621443600,2,5,92243
1621447200,1,0,79354
1621450800,2,5,126239
1621454400,3,6,81457
1621458000,2,1,130094
1621461600,3,1,91221
1621465200,3,1,87537
1621468800,1,1,71376
1621472400,3,2,121962
1621476000,2,0,81101
1621479600,2,5,66106
1621483200,1,3,90816
1621486800,1,0,74958
1621490400,3,6,85539
1621494000,1,3,106976
1621497600,2,2,127234
1621501200,1,0,129799
1621504800,1,2,82430
1621508400,1,5,80792
1621512000,1,5,120024
1621515600,3,1,93492
1621519200,3,3,129571
1621522800,3,6,79504
1621526400,3,5,119142
1621530000,3,5,124718
1621533600,3,0,117102
1621537200,3,5,106810
1621540800,1,4,90041
1621544400,2,1,92412
1621548000,3,1,78255
1621551600,3,2,113561
1621555200,2,2,83560
1621558800,3,1,67709
1621562400,1,5,126709
1621566000,1,0,69371
1621569600,3,4,129444
1621573200,3,2,70067
1621576800,3,4,127668
1621580400,2,2,121378
1621584000,2,3,69704
1621587600,1,1,109284
1621591200,3,5,109414
1621594800,2,4,123093
1621598400,3,6,104307
1621602000,1,4,118295
1621605600,3,5,85423
1621609200,3,6,122827
1621612800,2,5,125575
1621616400,1,5,82845
1621620000,1,4,75528
1621623600,3,0,82276
1621627200,3,3,131045
1621630800,3,6,88958
1621634400,1,2,128976
1621638000,3,3,107794
1621641600,2,2,74394
1621645200,3,3,118261
1621648800,1,3,111476
1621652400,1,6,106262
1621656000,3,4,129495
1621659600,1,0,90339
1621663200,2,4,102455
1621666800,3,6,108030
1621670400,1,6,81519
1621674000,1,0,101612
1621677600,3,1,116709
1621681200,2,6,87162
1621684800,1,5,72938
1621688400,3,6,108451
1621692000,2,3,118269
1621695600,1,1,96359
1621699200,1,2,86469
1621702800,2,0,94559
1621706400,2,4,112548
1621710000,2,4,75653
1621713600,1,4,129988
1621717200,3,0,70810
1621720800,1,6,76485
1621724400,2,2,113696
1621728000,3,6,123914
1621731600,3,5,89415
1621735200,3,1,120293
1621738800,3,6,85146
1621742400,1,1,100752
1621746000,2,6,126995
1621749600,1,5,74858
1621753200,1,4,84475
1621756800,2,3,67096
1621760400,2,3,68662
1621764000,3,2,129898
1621767600,2,2,79935
1621771200,1,4,74850
1621774800,2,3,113642
1621778400,3,4,107531
1621782000,3,1,127937
1621785600,1,3,117581
1621789200,1,6,89718
1621792800,1,6,65973
1621796400,3,6,119387
1621800000,3,3,85763
1621803600,1,1,121391
1621807200,2,5,115618
1621810800,2,3,89379
1621814400,3,3,71697
1621818000,2,5,99382
1621821600,2,3,78997
1621825200,3,5,112913
1621828800,2,2,102847
1621832400,2,1,125387
1621836000,1,0,125135
1621839600,3,6,122552
1621843200,1,0,86081
1621846800,2,5,87995
1621850400,2,2,120187
1621854000,1,1,114317
1621857600,2,5,93926
1621861200,1,5,96054
1621864800,2,4,111923
1621868400,3,0,67254
1621872000,2,4,68731
1621875600,2,0,66958
1621879200,3,1,114254
1621882800,1,4,116377
1621886400,3,4,111232
1621890000,3,3,85378
1621893600,2,3,118735
1621897200,1,6,104355
1621900800,1,3,94138
1621904400,2,2,88523
1621908000,1,2,75723
1621911600,2,5,103684
1621915200,3,5,69269
1621918800,1,0,77996
1621922400,2,5,98274
1621926000,2,2,88142
1621929600,1,0,119367
1621933200,2,4,101854
1621936800,1,4,110698
1621940400,2,0,79655
1621944000,1,3,68575
1621947600,1,6,71421
1621951200,1,5,69371
1621954800,3,3,82971
1621958400,2,0,69043
1621962000,2,3,82237
1621965600,3,6,105698
1621969200,1,0,91978
1621972800,1,2,81798
1621976400,3,3,111342
1621980000,1,0,116693
1621983600,1,1,128764
1621987200,1,0,83339
1621990800,3,2,122491
1621994400,1,6,127869
1621998000,1,5,117451
1622001600,1,5,128595
1622005200,3,5,121147
1622008800,3,2,96005
1622012400,3,5,81773
1622016000,3,5,91237
1622019600,2,5,96664
1622023200,2,3,108484
1622026800,3,4,92512
1622030400,1,5,88926
1622034000,3,2,92545
1622037600,1,6,125976
1622041200,2,4,84057
1622044800,2,5,86262
1622048400,3,1,84398
1622052000,3,1,120302
1622055600,1,6,103658
1622059200,1,2,95787
1622062800,1,4,128243
1622066400,3,0,87186
1622070000,3,2,107399
1622073600,1,6,102025
1622077200,1,3,111228
1622080800,3,4,123530
1622084400,1,4,89556
1622088000,2,0,82832
1622091600,1,4,88877
1622095200,3,3,67363
1622098800,1,3,101731
1622102400,2,0,89944
1622106000,2,5,84135
1622109600,3,1,108500
1622113200,2,0,84624
1622116800,2,6,68118
1622120400,3,6,127370
1622124000,3,3,71507
1622127600,1,5,95421
1622131200,3,6,88767
1622134800,1,1,66774
1622138400,2,0,111855
1622142000,3,6,116126
1622145600,3,4,68679
1622149200,2,4,67871
1622152800,2,2,84105
1622156400,1,1,82671
1622160000,3,0,99949
1622163600,1,4,107550
1622167200,2,4,95478
1622170800,2,6,93984
1622174400,2,5,127856
1622178000,1,5,87471
1622181600,3,2,108046
1622185200,2,0,94797
1622188800,2,5,83215
1622192400,1,4,65657
1622196000,2,2,66143
1622199600,2,3,129688
1622203200,1,3,82722
1622206800,2,0,86063
1622210400,1,1,110271
1622214000,3,2,103916
1622217600,2,1,95798
1622221200,2,6,80761
1622224800,2,0,77893
1622228400,3,1,117494
1622232000,1,4,130125
1622235600,2,1,111555
1622239200,3,0,101871
1622242800,2,4,76184
1622246400,1,5,129087
1622250000,2,0,82270
1622253600,3,6,107396
1622257200,2,2,86536
1622260800,3,6,105179
1622264400,1,6,88540
1622268000,3,6,109189
1622271600,3,4,108186
1622275200,2,4,89625
1622278800,2,1,83449
1622282400,1,2,80187
1622286000,3,3,114443
1622289600,1,0,104594
1622293200,3,6,93152
1622296800,1,5,71457
1622300400,1,0,95109
1622304000,1,1,116107
1622307600,2,6,117543
1622311200,1,4,87731
1622314800,1,1,109494
1622318400,1,4,72086
1622322000,2,2,75677
1622325600,1,2,130931
1622329200,3,2,71199
1622332800,1,3,98417
1622336400,1,2,93667
1622340000,1,0,70990
1622343600,1,2,67257
1622347200,2,6,118285
1622350800,3,2,129135
1622354400,1,4,72537
1622358000,2,3,77679
1622361600,1,1,85456
1622365200,3,1,72092
1622368800,3,2,96506
1622372400,1,5,84586
1622376000,3,2,124971
1622379600,3,3,102324
1622383200,3,4,76812
1622386800,3,4,110442
1622390400,1,3,117571
1622394000,3,1,112852
1622397600,3,2,69352
1622401200,1,3,129687
1622404800,2,1,76442
1622408400,2,3,122649
1622412000,2,6,90771
1622415600,1,6,69297
1622419200,2,5,127752
1622422800,2,2,101621
1622426400,1,6,128219
1622430000,1,6,110538
1622433600,2,4,124358
1622437200,3,4,65881
1622440800,3,1,109964
1622444400,1,3,110093
1622448000,1,3,66682
1622451600,3,2,78540
1622455200,3,6,81752
1622458800,2,1,129067
1622462400,1,1,104689
1622466000,2,6,91459
1622469600,2,0,129238
1622473200,1,6,96470
1622476800,3,0,130985
1622480400,2,5,66844
1622484000,3,1,120006
1622487600,3,6,77159
1622491200,3,2,78647
1622494800,2,0,97827
1622498400,3,4,76049
1622502000,3,5,130986
1622505600,1,1,113042
1622509200,1,1,119389
1622512800,3,2,120823
1622516400,1,3,80131
1622520000,1,5,102546
1622523600,2,2,99546
1622527200,3,6,112811
1622530800,3,0,101001
1622534400,3,6,100202
1622538000,2,2,69540
1622541600,2,5,119655
1622545200,1,0,112458
1622548800,1,5,103732
1622552400,2,6,72266
1622556000,3,1,90337
1622559600,2,2,65734
1622563200,3,6,66899
1622566800,1,5,120249
1622570400,2,4,109921
1622574000,1,1,112988
1622577600,3,2,89735
1622581200,3,5,65947
1622584800,3,2,72556
1622588400,3,6,71457
1622592000,3,0,129595
1622595600,3,4,104528
1622599200,1,4,101236
1622602800,3,0,67193
1622606400,3,0,128046
1622610000,1,0,125114
1622613600,2,3,85930
1622617200,1,1,95917
1622620800,2,4,67455
1622624400,1,0,93749
1622628000,1,6,113557
1622631600,1,4,98252
1622635200,1,6,81846
1622638800,1,3,111613
1622642400,1,4,81544
1622646000,3,5,129861
1622649600,2,5,81174
1622653200,2,2,93158
1622656800,3,0,71260
1622660400,2,1,91596
1622664000,1,2,122977
1622667600,2,4,86648
1622671200,1,3,114082
1622674800,3,1,75367
1622678400,3,6,118573
1622682000,3,1,118892
1622685600,3,0,123776
1622689200,3,4,91788
1622692800,2,4,78774
1622696400,3,2,129674
1622700000,2,2,71015
1622703600,1,2,70413
1622707200,2,0,128941
1622710800,3,4,113107
1622714400,1,0,90204
1622718000,2,2,84825
1622721600,2,6,128829
1622725200,1,1,101135
1622728800,3,0,97763
1622732400,3,1,92912
1622736000,1,4,104596
1622739600,3,3,77278
1622743200,2,4,71394
1622746800,1,3,113455
1622750400,2,3,108062
1622754000,1,3,71223
1622757600,1,1,67264
1622761200,1,4,101622
1622764800,3,0,70644
1622768400,1,1,73410
1622772000,3,1,70343
1622775600,3,3,80967
1622779200,2,0,98675
1622782800,1,3,68457
1622786400,2,1,93501
1622790000,3,6,123287
1622793600,3,2,107616
1622797200,1,0,77010
1622800800,3,6,75239
1622804400,3,6,87823
1622808000,3,3,113262
1622811600,2,5,119117
1622815200,2,6,110265
1622818800,3,2,84476
1622822400,2,6,79118
1622826000,2,6,118861
1622829600,1,0,91720
1622833200,3,1,88705
1622836800,1,2,107497
1622840400,2,5,114686
1622844000,2,5,72011
1622847600,2,3,111888
1622851200,3,0,76866
1622854800,3,0,104078
1622858400,1,5,110168
1622862000,3,5,99743
1622865600,1,6,78492
1622869200,2,4,113779
1622872800,3,6,100215
1622876400,3,2,118747
1622880000,2,0,91210
1622883600,1,5,98248
1622887200,2,2,117375
1622890800,2,3,116091
1622894400,3,6,125037
1622898000,2,4,68622
1622901600,2,5,70233
1622905200,1,0,68394
1622908800,2,1,74581
1622912400,1,0,126214
1622916000,3,1,114306
1622919600,3,2,124503
1622923200,3,5,68911
1622926800,3,4,123532
1622930400,3,3,82679
1622934000,3,3,118925
1622937600,3,2,116403
1622941200,3,4,129015
1622944800,3,5,114293
1622948400,1,3,76279
1622952000,1,6,129760
1622955600,3,1,74099
1622959200,1,1,86924
1622962800,2,5,103726
1622966400,2,6,97410
1622970000,1,2,112609
1622973600,2,4,107692
1622977200,2,4,67897
1622980800,2,3,96903
1622984400,3,1,70398
1622988000,3,2,97028
1622991600,1,0,71195
1622995200,3,1,129166
1622998800,2,5,115668
1623002400,2,2,119177
1623006000,2,4,123355
1623009600,1,3,93369
1623013200,1,5,71836
1623016800,3,0,79131
1623020400,2,4,96581
1623024000,2,5,81308
1623027600,2,2,82083
1623031200,3,4,92235
1623034800,1,5,67021
1623038400,3,4,74637
1623042000,2,3,94307
1623045600,3,2,75865
1623049200,3,1,70178
1623052800,1,0,130523
1623056400,1,2,108746
1623060000,3,5,119147
1623063600,3,5,122394
1623067200,2,6,89130
1623070800,1,4,106382
1623074400,1,1,108782
1623078000,1,2,90287
1623081600,3,6,97970
1623085200,3,0,108351
1623088800,2,5,85871
1623092400,3,6,89617
1623096000,2,4,124451
1623099600,1,3,80389
1623103200,3,4,66648
1623106800,1,6,71018
1623110400,2,2,77996
1623114000,1,6,103304
1623117600,1,3,111405
1623121200,2,6,119932
1623124800,1,0,69548
1623128400,1,4,94923
1623132000,1,2,106028
1623135600,3,2,70516
1623139200,2,1,108490
1623142800,2,2,77456
1623146400,3,2,82456
1623150000,3,5,122390
1623153600,1,1,67036
1623157200,1,4,123636
1623160800,2,5,89720
1623164400,3,1,68193
1623168000,2,4,102266
1623171600,1,4,104075
1623175200,2,1,130479
1623178800,2,6,73798
1623182400,2,1,106152
1623186000,2,0,91394
1623189600,1,2,130112
1623193200,2,6,113267
1623196800,2,5,83674
1623200400,3,4,127304
1623204000,2,0,71329
1623207600,1,2,123455
1623211200,1,6,111824
1623214800,1,2,120704
1623218400,2,6,127858
1623222000,2,6,69909
1623225600,3,5,115899
1623229200,3,1,114786
1623232800,2,0,83047
1623236400,2,4,118049
1623240000,2,0,117906
1623243600,3,2,123110
1623247200,1,1,90520
1623250800,3,0,73291
1623254400,1,5,111063
1623258000,2,0,89481
1623261600,1,3,82916
1623265200,3,1,103071
1623268800,2,0,66570
1623272400,3,3,101153
1623276000,1,3,105922
1623279600,1,2,79688
1623283200,3,6,88707
1623286800,3,6,104569
1623290400,3,2,125335
1623294000,2,0,125985
1623297600,2,2,94457
1623301200,1,4,95328
1623304800,3,0,72773
1623308400,3,2,100367
1623312000,1,3,118805
1623315600,3,6,85761
1623319200,2,0,97072
1623322800,1,2,95471
1623326400,3,2,70489
1623330000,1,0,84448
1623333600,1,5,103802
1623337200,2,4,113277
1623340800,1,2,96486
1623344400,1,6,108859
1623348000,3,4,89152
1623351600,3,6,72220
1623355200,2,1,95233
1623358800,3,2,100023
1623362400,1,2,84143
1623366000,1,1,93120
1623369600,2,6,85263
1623373200,3,2,105670
1623376800,2,1,126239
1623380400,1,0,82367
1623384000,2,2,75309
1623387600,3,2,69612
1623391200,1,0,79430
1623394800,2,2,90014
1623398400,1,3,74761
1623402000,3,5,83269
1623405600,3,1,110351
1623409200,1,3,119291
1623412800,2,1,101961
1623416400,1,0,93317
1623420000,2,0,90271
1623423600,2,5,118376
1623427200,3,4,122017
1623430800,1,6,94813
1623434400,3,4,104616
1623438000,1,2,80543
1623441600,1,2,117342
1623445200,1,5,111806
1623448800,2,4,73755
1623452400,2,0,109979
1623456000,1,6,122324
1623459600,1,4,68771
1623463200,3,5,114996
1623466800,2,3,93784
1623470400,2,0,95060
1623474000,2,1,109711
1623477600,3,5,127404
1623481200,1,2,92028
1623484800,2,6,109355
1623488400,2,4,108813
1623492000,3,6,69316
1623495600,2,4,93992
1623499200,3,3,93561
1623502800,3,6,71718
1623506400,2,5,80657
1623510000,3,5,129605
1623513600,3,2,67101
1623517200,1,5,69235
1623520800,3,2,86206
1623524400,2,1,116520
1623528000,3,4,122321
1623531600,3,1,90425
1623535200,1,6,73673
1623538800,2,4,90627
1623542400,2,3,67008
1623546000,3,3,69615
1623549600,2,6,85736
1623553200,1,2,91340
1623556800,2,5,104979
1623560400,3,2,96953
1623564000,2,0,73787
1623567600,1,5,130188
1623571200,3,6,100199
1623574800,2,1,126634
1623578400,2,2,106468
1623582000,2,6,96943
1623585600,2,1,76597
1623589200,1,4,107300
1623592800,2,1,74068
1623596400,1,2,124276
1623600000,1,5,66373
1623603600,2,6,101049
1623607200,3,4,115285
1623610800,1,4,109390
1623614400,1,4,117262
1623618000,2,2,78186
1623621600,2,2,66432
1623625200,3,6,101081
1623628800,2,3,92477
1623632400,2,2,116727
1623636000,1,5,65823
1623639600,1,5,89904
1623643200,3,4,110304
1623646800,3,5,97241
1623650400,1,6,113727
1623654000,2,3,85395
1623657600,1,1,109679
1623661200,1,5,113425
1623664800,3,5,112236
1623668400,2,5,79917
1623672000,2,5,113523
1623675600,1,3,90031
1623679200,1,0,129531
1623682800,1,4,69773
1623686400,3,5,103131
1623690000,3,1,73624
1623693600,2,3,106016
1623697200,1,0,107811
1623700800,3,2,120773
1623704400,2,2,115516
1623708000,2,0,85143
1623711600,1,0,96128
1623715200,2,1,80428
1623718800,2,5,87793
1623722400,1,2,96439
1623726000,1,5,120174
1623729600,1,0,106011
1623733200,3,4,82565
1623736800,2,6,85381
1623740400,1,1,103480
1623744000,2,5,84499
1623747600,2,5,104563
1623751200,1,1,74282
1623754800,2,4,104061
1623758400,3,4,94333
1623762000,1,2,121005
1623765600,3,0,100382
1623769200,3,2,104324
1623772800,3,1,87366
1623776400,3,0,113725
1623780000,1,4,104427
1623783600,2,1,107459
1623787200,3,3,109397
1623790800,1,2,70681
1623794400,3,0,88903
1623798000,1,4,70384
1623801600,1,1,116568
1623805200,3,5,71023
1623808800,1,3,69379
1623812400,1,3,73520
1623816000,2,2,123224
1623819600,1,4,106825
1623823200,2,4,120552
1623826800,3,6,113662
1623830400,2,2,98209
1623834000,3,0,105098
1623837600,2,5,85409
1623841200,1,3,107337
1623844800,2,5,94556
1623848400,2,3,122347
1623852000,1,1,125099
1623855600,3,2,121774
1623859200,3,1,85764
1623862800,3,3,91450
1623866400,1,4,101521
1623870000,2,1,117056
1623873600,1,2,127886
1623877200,3,5,93021
1623880800,3,0,116884
1623884400,2,1,117751
1623888000,3,3,78172
1623891600,2,0,102677
1623895200,3,1,129631
1623898800,2,6,71623
1623902400,3,4,130709
1623906000,1,0,123145
1623909600,2,2,91697
1623913200,1,4,77198
1623916800,1,4,112851
1623920400,3,2,109146
1623924000,3,3,101785
1623927600,1,0,110536
1623931200,3,1,73132
1623934800,2,6,110228
1623938400,2,3,100755
1623942000,2,0,115307
1623945600,2,6,79689
1623949200,3,2,79410
1623952800,2,2,128555
1623956400,3,3,76750
1623960000,2,4,84363
1623963600,2,0,107400
1623967200,3,2,70826
1623970800,2,1,88224
1623974400,1,3,92153
1623978000,3,6,108399
1623981600,3,3,122843
1623985200,2,1,66563
1623988800,1,0,126036
1623992400,1,6,117779
1623996000,2,4,121727
1623999600,1,4,112596
1624003200,1,4,127527
1624006800,2,0,89142
1624010400,1,5,107083
1624014000,1,6,77331
1624017600,1,4,85213
1624021200,3,0,129172
1624024800,2,1,79396
1624028400,2,5,114474
1624032000,1,0,108824
1624035600,2,5,98694
1624039200,2,1,91165
1624042800,3,6,93835
1624046400,2,2,113475
1624050000,3,6,81750
1624053600,2,2,76149
1624057200,2,6,121026
1624060800,3,5,116499
1624064400,1,3,125586
1624068000,1,0,93866
1624071600,2,5,105803
1624075200,2,5,127422
1624078800,3,5,70658
1624082400,3,3,117192
1624086000,3,4,96730
1624089600,1,0,107571
1624093200,3,4,75749
1624096800,1,5,67927
1624100400,1,2,68769
1624104000,3,3,130517
1624107600,2,0,74532
1624111200,1,6,106867
1624114800,3,6,130521
1624118400,1,3,93262
1624122000,2,0,129992
1624125600,2,6,65796
1624129200,3,0,69142
1624132800,1,4,110312
1624136400,2,2,71891
1624140000,2,4,96174
1624143600,1,6,84974
1624147200,2,2,81649
1624150800,2,5,129346
1624154400,3,3,69654
1624158000,1,2,71585
1624161600,3,6,113436
1624165200,3,4,112464
1624168800,1,0,113959
1624172400,3,3,103247
1624176000,1,3,74741
1624179600,2,5,122410
1624183200,3,1,79407
1624186800,1,6,111176
1624190400,1,0,119282
1624194000,1,5,117463
1624197600,3,1,109195
1624201200,2,4,98596
1624204800,2,3,123595
1624208400,2,4,120948
1624212000,3,2,83687
1624215600,3,2,76792
1624219200,3,3,99059
1624222800,3,6,98464
1624226400,2,1,129793
1624230000,1,1,89497
1624233600,1,3,107670
1624237200,2,4,81016
1624240800,3,4,106498
1624244400,3,5,97616
1624248000,1,0,126364
1624251600,3,2,81905
1624255200,1,1,87233
1624258800,3,0,82623
1624262400,3,6,76449
1624266000,1,0,118064
1624269600,1,6,92445
1624273200,3,6,102927
1624276800,1,4,92882
1624280400,1,4,83016
1624284000,3,1,100839
1624287600,2,4,100119
1624291200,3,6,89612
1624294800,3,2,121107
1624298400,2,4,71051
1624302000,3,6,114264
1624305600,1,1,78044
1624309200,1,4,127122
1624312800,3,2,69931
1624316400,3,6,123521
1624320000,3,6,108475
1624323600,2,3,108581
1624327200,3,4,124894
1624330800,1,6,125300
1624334400,3,4,104808
1624338000,2,0,127676
1624341600,2,4,114309
1624345200,1,5,117041
1624348800,3,1,103233
1624352400,1,1,124048
1624356000,2,0,108010
1624359600,2,5,78030
1624363200,3,6,78194
1624366800,1,2,92281
1624370400,2,1,71741
1624374000,3,4,93126
1624377600,2,1,105407
1624381200,1,0,69856
1624384800,2,4,117220
1624388400,1,2,77934
1624392000,2,5,90552
1624395600,3,1,97021
1624399200,3,5,94006
1624402800,1,5,67664
1624406400,2,3,111485
1624410000,1,2,89509
1624413600,3,6,88385
1624417200,2,4,110418
1624420800,1,3,123841
1624424400,2,0,122848
1624428000,2,6,109987
1624431600,2,6,80077
1624435200,2,5,86365
1624438800,3,5,84653
1624442400,1,3,96785
1624446000,3,4,124115
1624449600,1,5,97509
1624453200,3,5,65741
1624456800,3,4,108034
1624460400,1,5,130810
1624464000,1,1,126944
1624467600,2,6,73275
1624471200,3,0,75650
1624474800,3,5,108810
1624478400,2,0,123660
1624482000,1,3,70971
1624485600,2,0,99406
1624489200,3,1,79642
1624492800,1,5,81637
1624496400,1,3,119156
1624500000,2,0,101043
1624503600,1,4,80030
1624507200,3,5,125523
1624510800,2,4,96797
1624514400,2,3,89337
1624518000,2,1,111171
1624521600,1,0,120637
1624525200,1,5,102665
1624528800,2,2,102136
1624532400,2,3,129237
1624536000,2,4,92489
1624539600,2,4,81577
1624543200,1,0,93526
1624546800,3,0,101045
1624550400,3,6,95534
1624554000,3,2,70323
1624557600,2,6,83990
1624561200,3,6,92671
1624564800,2,2,68853
1624568400,3,1,110471
1624572000,3,3,96089
1624575600,1,4,76913
1624579200,1,0,98603
1624582800,2,4,67716
1624586400,1,2,82962
1624590000,3,1,81394
1624593600,2,1,123882
1624597200,1,1,85304
1624600800,1,3,100840
1624604400,1,3,120954
1624608000,3,5,67991
1624611600,2,0,98533
1624615200,3,6,95799
1624618800,2,5,81857
1624622400,2,0,87970
1624626000,2,2,100018
1624629600,2,0,125719
1624633200,2,3,88900
1624636800,1,5,120045
1624640400,2,1,96763
1624644000,2,4,72553
1624647600,3,5,74370
1624651200,1,6,118253
1624654800,3,0,128638
1624658400,2,0,75396
1624662000,3,2,119800
1624665600,3,0,125162
1624669200,2,5,82218
1624672800,3,4,83740
1624676400,3,5,122844
1624680000,1,3,113193
1624683600,2,6,85338
1624687200,2,1,78376
1624690800,1,0,125374
1624694400,1,6,124955
1624698000,3,1,122264
1624701600,1,5,67522
1624705200,2,1,84712
1624708800,1,2,90046
1624712400,2,1,80911
1624716000,1,2,112723
1624719600,1,3,84383
1624723200,1,2,122243
1624726800,1,2,97573
1624730400,2,4,82131
1624734000,3,6,108552
1624737600,2,6,69843
1624741200,2,1,119544
1624744800,2,2,84107
1624748400,3,2,83679
1624752000,1,0,101367
1624755600,1,2,88752
1624759200,1,5,72186
1624762800,2,4,76668
1624766400,3,3,127381
1624770000,2,5,113112
1624773600,2,0,67723
1624777200,2,5,98960
1624780800,1,4,109748
1624784400,3,2,128492
1624788000,3,3,71026
1624791600,2,3,116280
1624795200,3,0,114864
1624798800,2,0,117537
1624802400,3,5,108300
1624806000,3,3,118854
1624809600,1,4,130088
1624813200,1,5,116270
1624816800,1,4,96577
1624820400,2,5,123237
1624824000,2,5,80351
1624827600,2,1,108462
1624831200,2,0,95142
1624834800,1,2,97100
1624838400,1,5,70533
1624842000,2,4,69957
1624845600,2,0,100467
1624849200,3,3,128453
1624852800,1,4,104367
1624856400,3,3,112416
1624860000,3,3,94905
1624863600,3,3,97867
1624867200,2,0,96398
1624870800,1,4,69431
1624874400,3,1,83533
1624878000,1,4,107196
1624881600,3,2,84440
1624885200,2,0,83090
1624888800,2,4,126368
1624892400,2,3,99496
1624896000,2,4,120866
1624899600,1,4,102613
1624903200,3,4,123199
1624906800,2,5,128396
1624910400,3,6,104569
1624914000,2,3,84280
1624917600,1,6,93131
1624921200,3,1,119834
1624924800,2,6,83851
1624928400,3,1,109578
1624932000,2,0,123443
1624935600,1,1,102341
1624939200,2,6,89200
1624942800,3,2,75706
1624946400,3,1,121141
1624950000,1,1,99230
1624953600,1,4,80029
1624957200,3,0,126189
1624960800,3,2,65797
1624964400,1,3,96676
1624968000,1,2,68795
1624971600,3,5,104879
1624975200,1,0,68065
1624978800,1,1,120491
1624982400,2,6,96859
1624986000,3,0,108520
1624989600,1,2,76063
1624993200,1,2,101546
1624996800,2,6,81450
1625000400,2,2,66407
